Rk,Player,Age,Team,Pos,G,GS,MP,FG,FGA,FG%,3P,3PA,3P%,2P,2PA,2P%,eFG%,FT,FTA,FT%,ORB,DRB,TRB,AST,STL,BLK,TOV,PF,PTS,Trp-Dbl,Awards,Player-additional
1,James Harden,26,HOU,SG,82,82,3125,710,1617,.439,236,657,.359,474,960,.494,.512,720,837,.860,63,438,501,612,139,51,374,229,2376,3,MVP-9AS,hardeja01
2,Stephen Curry,27,GSW,PG,79,79,2700,805,1598,.504,402,886,.454,403,712,.566,.630,363,400,.908,68,362,430,527,169,15,262,161,2375,2,MVP-1ASNBA1,curryst01
3,Kevin Durant,27,OKC,SF,72,72,2578,698,1381,.505,186,481,.387,512,900,.569,.573,447,498,.898,45,544,589,361,69,85,250,137,2029,1,MVP-5ASNBA2,duranke01
4,LeBron James,31,CLE,SF,76,76,2709,737,1416,.520,87,282,.309,650,1134,.573,.551,359,491,.731,111,454,565,514,104,49,249,143,1920,3,MVP-3DPOY-11ASNBA1,jamesle01
5,Damian Lillard,25,POR,PG,75,75,2676,618,1474,.419,229,610,.375,389,864,.450,.497,414,464,.892,45,257,302,512,65,28,242,165,1879,0,MVP-8NBA2,lillada01
6,Russell Westbrook,27,OKC,PG,80,80,2750,656,1444,.454,101,341,.296,555,1103,.503,.489,465,573,.812,145,481,626,834,163,20,342,200,1878,18,MVP-4ASNBA1,westbru01
7,Paul George,25,IND,SF,81,81,2819,605,1449,.418,210,566,.371,395,883,.447,.490,454,528,.860,79,484,563,329,152,29,265,230,1874,0,ASNBA3,georgpa01
8,DeMar DeRozan,26,TOR,SG,78,78,2804,614,1377,.446,47,139,.338,567,1238,.458,.463,555,653,.850,64,285,349,315,81,21,175,167,1830,0,AS,derozde01
9,Isaiah Thomas,26,BOS,PG,82,79,2644,591,1382,.428,167,465,.359,424,917,.462,.488,474,544,.871,46,197,243,509,91,9,220,167,1823,0,AS,thomais02
10,Klay Thompson,25,GSW,SG,80,80,2666,651,1386,.470,276,650,.425,375,736,.510,.569,193,221,.873,35,271,306,166,60,49,138,152,1771,0,ASNBA3,thompkl01
11,DeMarcus Cousins,25,SAC,C,65,65,2246,601,1332,.451,70,210,.333,531,1122,.473,.477,476,663,.718,158,589,747,214,101,92,249,236,1748,1,ASNBA2,couside01
12,Kemba Walker,25,CHO,PG,81,81,2885,568,1331,.427,182,490,.371,386,841,.459,.495,371,438,.847,56,301,357,421,126,39,171,111,1689,0,,walkeke02
13,Andrew Wiggins,20,MIN,SF,81,81,2845,594,1294,.459,57,190,.300,537,1104,.486,.481,430,565,.761,105,186,291,164,78,46,182,165,1675,0,,wiggian01
14,CJ McCollum,24,POR,SG,80,80,2780,641,1431,.448,197,472,.417,444,959,.463,.517,187,226,.827,47,212,259,341,97,23,196,187,1666,0,MIP-1,mccolcj01
15,Kyle Lowry,29,TOR,PG,77,77,2851,512,1198,.427,212,547,.388,300,651,.461,.516,398,491,.811,55,310,365,494,158,34,225,211,1634,1,MVP-10DPOY-13ASNBA3,lowryky01
16,Gordon Hayward,25,UTA,SF,80,80,2893,521,1202,.433,143,410,.349,378,792,.477,.493,393,477,.824,61,336,397,296,95,27,202,183,1578,0,,haywago01
17,Carmelo Anthony,31,NYK,SF,72,72,2530,567,1307,.434,105,310,.339,462,997,.463,.474,334,403,.829,98,458,556,299,62,38,176,180,1573,0,AS,anthoca01
18,John Wall,25,WAS,PG,77,77,2784,572,1349,.424,115,328,.351,457,1021,.448,.467,272,344,.791,42,337,379,789,145,59,318,159,1531,4,AS,walljo01
19,Kawhi Leonard,24,SAS,SF,72,72,2380,551,1090,.506,129,291,.443,422,799,.528,.565,292,334,.874,95,398,493,186,128,71,105,133,1523,0,MVP-2DPOY-1ASNBA1,leonaka01
20,Karl-Anthony Towns,20,MIN,C,82,82,2627,625,1153,.542,30,88,.341,595,1065,.559,.555,223,275,.811,229,629,858,161,58,138,183,245,1503,0,ROY-1,townska01
21,Brook Lopez,27,BRK,C,73,73,2457,591,1157,.511,2,14,.143,589,1143,.515,.512,317,403,.787,204,369,573,147,58,124,175,215,1501,0,,lopezbr01
22,Reggie Jackson,25,DET,PG,79,79,2424,540,1244,.434,118,334,.353,422,910,.464,.482,291,337,.864,58,195,253,492,59,11,223,187,1489,0,,jacksre01
23,Anthony Davis,22,NOP,C,61,61,2164,560,1136,.493,35,108,.324,525,1028,.511,.508,326,430,.758,130,497,627,116,78,125,121,148,1481,0,DPOY-9AS,davisan02
24,Chris Paul,30,LAC,PG,74,74,2420,515,1114,.462,122,329,.371,393,785,.501,.517,294,328,.896,39,271,310,738,152,13,194,185,1446,0,MVP-6DPOY-13ASNBA2,paulch01
25,Khris Middleton,24,MIL,SG,79,79,2852,507,1142,.444,143,361,.396,364,781,.466,.507,277,312,.888,44,258,302,331,131,19,180,204,1434,0,,middlkh01
26,Dwyane Wade,34,MIA,SG,74,73,2258,540,1183,.456,7,44,.159,533,1139,.468,.459,322,406,.793,82,220,302,344,79,42,203,116,1409,0,AS,wadedw01
27,Jimmy Butler,26,CHI,SG,67,67,2474,470,1035,.454,64,205,.312,406,830,.489,.485,395,475,.832,79,279,358,321,110,43,132,124,1399,2,DPOY-11AS,butleji01
28,Paul Millsap,30,ATL,PF,81,81,2647,501,1066,.470,74,232,.319,427,834,.512,.505,309,408,.757,198,534,732,265,147,139,191,237,1385,0,DPOY-5AS,millspa01
29,Dirk Nowitzki,37,DAL,PF,75,75,2364,498,1112,.448,126,342,.368,372,770,.483,.504,250,280,.893,52,437,489,132,52,52,84,161,1372,0,,nowitdi01
30,Giannis Antetokounmpo,21,MIL,PG,80,79,2823,513,1013,.506,28,109,.257,485,904,.537,.520,296,409,.724,113,499,612,345,94,113,208,258,1350,5,,antetgi01
31,LaMarcus Aldridge,30,SAS,PF,74,74,2261,536,1045,.513,0,16,.000,536,1029,.521,.513,259,302,.858,176,456,632,110,38,81,99,151,1331,0,ASNBA3,aldrila01
32,Andre Drummond,22,DET,C,81,81,2666,552,1060,.521,2,6,.333,550,1054,.522,.522,208,586,.355,395,803,1198,67,119,112,155,245,1314,0,DPOY-10ASNBA3,drumman01
33,Al Horford,29,ATL,C,82,82,2631,529,1048,.505,88,256,.344,441,792,.557,.547,103,129,.798,148,448,596,263,68,121,107,163,1249,0,DPOY-13AS,horfoal01
34,Jeff Teague,27,ATL,PG,79,78,2255,434,988,.439,110,275,.400,324,713,.454,.495,261,312,.837,33,181,214,470,97,24,218,167,1239,0,,teaguje01
35,Kevin Love,27,CLE,PF,77,77,2424,409,977,.419,158,439,.360,251,538,.467,.499,258,314,.822,149,613,762,186,58,41,142,159,1234,0,,loveke01
36,JJ Redick,31,LAC,SG,75,75,2097,422,880,.480,200,421,.475,222,459,.484,.593,182,205,.888,10,129,139,106,42,5,78,135,1226,0,,redicjj01
37,Jordan Clarkson,23,LAL,SG,79,79,2552,475,1098,.433,111,320,.347,364,778,.468,.483,164,204,.804,93,220,313,192,88,7,135,168,1225,0,,clarkjo01
38,Evan Fournier,23,ORL,SF,79,71,2566,429,929,.462,156,390,.400,273,539,.506,.546,199,238,.836,33,192,225,213,96,2,133,214,1213,0,,fournev01
39,Greg Monroe,25,MIL,C,79,67,2314,491,941,.522,0,1,.000,491,940,.522,.522,228,308,.740,218,478,696,178,72,67,129,163,1210,0,,monrogr01
40,Rudy Gay,29,SAC,SF,70,70,2379,466,1007,.463,74,215,.344,392,792,.495,.500,198,254,.780,103,353,456,120,100,51,139,184,1204,0,,gayru01
41,Pau Gasol,35,CHI,C,72,72,2291,467,995,.469,24,69,.348,443,926,.478,.481,229,289,.792,155,638,793,294,42,146,164,148,1187,2,AS,gasolpa01
42,Nikola Vučević,25,ORL,C,65,60,2037,533,1046,.510,2,9,.222,531,1037,.512,.511,113,150,.753,174,402,576,179,53,70,123,173,1181,0,,vucevni01
43,Will Barton,25,DEN,SG,82,1,2353,425,983,.432,112,325,.345,313,658,.476,.489,216,268,.806,59,417,476,203,71,39,139,147,1178,0,6MOY-4,bartowi01
44,Kobe Bryant,37,LAL,SF,66,66,1863,398,1113,.358,133,467,.285,265,646,.410,.417,232,281,.826,41,206,247,184,62,13,129,115,1161,0,AS,bryanko01
45,Avery Bradley,25,BOS,SG,76,72,2536,456,1019,.447,147,407,.361,309,612,.505,.520,96,123,.780,48,172,220,158,117,19,109,164,1155,0,DPOY-6,bradlav01
46,Victor Oladipo,23,ORL,SG,72,52,2379,425,970,.438,98,282,.348,327,688,.475,.489,205,247,.830,48,297,345,282,116,54,153,174,1153,1,,oladivi01
47,Zach LaVine,20,MIN,SG,82,33,2294,433,959,.452,123,316,.389,310,643,.482,.516,161,203,.793,27,201,228,251,69,17,155,193,1150,0,6MOY-14,lavinza01
48,Rodney Hood,23,UTA,SG,79,79,2541,408,972,.420,161,449,.359,247,523,.472,.503,172,200,.860,38,229,267,213,73,16,125,202,1149,0,,hoodro01
49,Draymond Green,25,GSW,PF,81,81,2808,401,819,.490,100,258,.388,301,561,.537,.551,229,329,.696,134,635,769,598,119,113,259,240,1131,13,MVP-7DPOY-2ASNBA2,greendr01
50,Marcus Morris,26,DET,SF,80,80,2856,410,945,.434,108,298,.362,302,647,.467,.491,203,271,.749,91,313,404,201,67,23,140,170,1131,0,,morrima03
51,Ryan Anderson,27,NOP,PF,66,7,2008,397,929,.427,131,358,.366,266,571,.466,.498,199,228,.873,131,265,396,73,38,25,90,109,1124,0,6MOY-6,anderry01
52,Monta Ellis,30,IND,SG,81,81,2734,436,1021,.427,87,282,.309,349,739,.472,.470,162,206,.786,42,229,271,383,150,37,203,174,1121,0,,ellismo01
53,Jamal Crawford,35,LAC,SG,79,5,2126,379,939,.404,117,344,.340,262,595,.440,.466,245,271,.904,20,125,145,183,52,12,113,122,1120,0,6MOY-1,crawfja01
54,Tobias Harris,23,2TM,PF,76,74,2513,417,889,.469,80,239,.335,337,650,.518,.514,202,243,.831,96,414,510,169,65,40,108,153,1116,0,,harrito02
54,Tobias Harris,23,ORL,PF,49,49,1610,251,541,.464,47,151,.311,204,390,.523,.507,120,153,.784,71,271,342,99,47,28,78,91,669,0,,harrito02
54,Tobias Harris,23,DET,PF,27,25,903,166,348,.477,33,88,.375,133,260,.512,.524,82,90,.911,25,143,168,70,18,12,30,62,447,0,,harrito02
55,Kentavious Caldwell-Pope,22,DET,SG,76,76,2789,403,960,.420,114,369,.309,289,591,.489,.479,185,228,.811,70,212,282,138,110,17,105,167,1105,0,,caldwke01
56,Thaddeus Young,27,BRK,PF,73,73,2407,495,963,.514,7,30,.233,488,933,.523,.518,105,163,.644,176,484,660,136,112,37,136,182,1102,0,,youngth01
57,Jrue Holiday,25,NOP,PG,65,23,1831,410,935,.439,87,259,.336,323,676,.478,.485,182,216,.843,27,168,195,391,88,22,167,148,1089,0,6MOY-16,holidjr01
58,Derrick Rose,27,CHI,PG,66,66,2097,447,1048,.427,44,150,.293,403,898,.449,.448,142,179,.793,46,179,225,311,44,14,175,84,1080,0,,rosede01
59,Jabari Parker,20,MIL,PF,76,72,2408,443,899,.493,9,35,.257,434,864,.502,.498,175,228,.768,123,272,395,130,69,29,116,154,1070,0,,parkeja01
60,D'Angelo Russell,19,LAL,PG,80,48,2259,392,956,.410,130,370,.351,262,586,.447,.478,140,190,.737,47,227,274,266,93,13,196,142,1054,0,ROY-9,russeda01
61,Devin Booker,19,PHO,SG,76,51,2108,367,867,.423,99,289,.343,268,578,.464,.480,215,256,.840,27,160,187,200,44,20,160,225,1048,0,ROY-4,bookede01
62,Nicolas Batum,27,CHO,SF,70,70,2448,372,873,.426,139,399,.348,233,474,.492,.506,163,192,.849,55,373,428,403,65,43,205,114,1046,2,,batumni01
63,Kyrie Irving,23,CLE,PG,53,53,1667,394,879,.448,84,262,.321,310,617,.502,.496,169,191,.885,44,113,157,249,56,18,124,107,1041,0,,irvinky01
64,Zach Randolph,34,MEM,PF,68,53,2016,431,907,.475,6,26,.231,425,881,.482,.479,172,216,.796,179,350,529,142,43,13,105,146,1040,1,,randoza01
65,Hassan Whiteside,26,MIA,C,73,43,2125,413,682,.606,0,0,,413,682,.606,.606,214,329,.650,238,627,865,30,44,269,137,201,1040,3,DPOY-3,whiteha01
66,Jae Crowder,25,BOS,SF,73,73,2308,360,813,.443,122,363,.336,238,450,.529,.518,196,239,.820,70,303,373,135,126,35,83,198,1038,0,DPOY-13,crowdja01
67,Enes Freedom,23,OKC,C,82,1,1721,414,719,.576,10,21,.476,404,698,.579,.583,200,251,.797,249,415,664,33,26,33,115,166,1038,0,6MOY-3,kanteen01
68,Danilo Gallinari,27,DEN,SF,53,53,1839,287,700,.410,87,239,.364,200,461,.434,.472,375,432,.868,52,229,281,135,42,19,77,87,1036,0,,gallida01
69,Darren Collison,28,SAC,PG,74,15,2219,377,776,.486,87,217,.401,290,559,.519,.542,194,226,.858,28,141,169,318,76,4,130,142,1035,0,6MOY-15,collida01
70,Kristaps Porziņģis,20,NYK,PF,72,72,2047,373,886,.421,81,243,.333,292,643,.454,.467,201,240,.838,132,394,526,94,53,134,121,205,1028,0,ROY-2,porzikr01
71,Lou Williams,29,LAL,SG,67,35,1907,283,693,.408,110,320,.344,173,373,.464,.488,352,424,.830,31,138,169,167,62,19,107,107,1028,0,,willilo02
72,Trevor Ariza,30,HOU,SF,81,81,2859,357,859,.416,185,499,.371,172,360,.478,.523,126,161,.783,67,299,366,188,160,26,113,177,1025,0,DPOY-13,arizatr01
73,Goran Dragić,29,MIA,PG,72,72,2363,417,875,.477,64,205,.312,353,670,.527,.513,120,165,.727,54,223,277,419,71,17,185,188,1018,0,,dragigo01
74,Brandon Knight,24,PHO,SG,52,50,1870,371,895,.415,120,351,.342,251,544,.461,.482,156,183,.852,36,166,202,263,61,20,177,124,1018,1,,knighbr03
75,Derrick Favors,24,UTA,PF,62,59,1983,418,811,.515,0,4,.000,418,807,.518,.515,180,254,.709,169,334,503,94,74,91,104,150,1016,0,,favorde01
76,Marcin Gortat,31,WAS,C,75,74,2256,433,764,.567,0,1,.000,433,763,.567,.567,146,207,.705,222,519,741,106,47,96,121,193,1012,0,,gortama01
77,Chris Bosh,31,MIA,PF,53,53,1778,358,767,.467,81,222,.365,277,545,.508,.520,213,268,.795,48,342,390,128,36,34,78,101,1010,0,AS,boshch01
78,Joe Johnson,34,2TM,SF,81,81,2703,377,859,.439,120,313,.383,257,546,.471,.509,118,142,.831,49,243,292,318,61,4,159,146,992,0,,johnsjo02
78,Joe Johnson,34,BRK,SF,57,57,1934,247,608,.406,85,229,.371,162,379,.427,.476,92,108,.852,34,190,224,232,40,2,116,100,671,0,,johnsjo02
78,Joe Johnson,34,MIA,SF,24,24,769,130,251,.518,35,84,.417,95,167,.569,.588,26,34,.765,15,53,68,86,21,2,43,46,321,0,,johnsjo02
79,Serge Ibaka,26,OKC,PF,78,78,2500,416,869,.479,60,184,.326,356,685,.520,.513,91,121,.752,141,392,533,66,38,148,108,211,983,0,,ibakase01
80,DeAndre Jordan,27,LAC,C,77,77,2598,357,508,.703,0,1,.000,357,507,.704,.703,266,619,.430,267,792,1059,90,51,177,107,207,980,0,DPOY-4NBA1,jordade01
81,Wesley Matthews,29,DAL,SF,78,78,2644,331,854,.388,189,525,.360,142,329,.432,.498,126,146,.863,27,211,238,151,78,17,78,179,977,0,,matthwe02
82,Dwight Howard,30,HOU,C,71,71,2280,372,600,.620,0,6,.000,372,594,.626,.620,232,474,.489,238,597,835,98,69,113,166,219,976,0,,howardw01
83,Ish Smith,27,2TM,PG,77,53,2239,397,967,.411,56,170,.329,341,797,.428,.440,122,176,.693,43,262,305,502,88,24,175,133,972,0,,smithis01
83,Ish Smith,27,NOP,PG,27,3,617,98,228,.430,10,33,.303,88,195,.451,.452,33,43,.767,14,78,92,154,24,6,45,38,239,0,,smithis01
83,Ish Smith,27,PHI,PG,50,50,1622,299,739,.405,46,137,.336,253,602,.420,.436,89,133,.669,29,184,213,348,64,18,130,95,733,0,,smithis01
84,Mirza Teletović,30,PHO,PF,79,1,1686,332,777,.427,181,460,.393,151,317,.476,.544,120,155,.774,55,247,302,89,32,21,84,159,965,0,6MOY-16,teletmi01
85,Bradley Beal,22,WAS,SG,55,35,1708,359,799,.449,105,271,.387,254,528,.481,.515,135,176,.767,41,147,188,162,54,11,112,117,958,0,,bealbr01
86,J.R. Smith,30,CLE,SG,77,77,2362,353,850,.415,204,510,.400,149,340,.438,.535,45,71,.634,43,174,217,130,81,21,59,204,955,0,,smithjr01
87,Marvin Williams,29,CHO,PF,81,81,2338,338,747,.452,152,378,.402,186,369,.504,.554,120,144,.833,127,394,521,110,58,77,62,133,948,0,,willima02
88,Jeff Green,29,2TM,SF,80,41,2253,354,824,.430,67,213,.315,287,611,.470,.470,164,220,.745,74,258,332,138,58,40,93,164,939,0,,greenje02
88,Jeff Green,29,MEM,SF,53,31,1544,240,557,.431,42,136,.309,198,421,.470,.469,124,155,.800,55,186,241,98,40,19,69,102,646,0,,greenje02
88,Jeff Green,29,LAC,SF,27,10,709,114,267,.427,25,77,.325,89,190,.468,.474,40,65,.615,19,72,91,40,18,21,24,62,293,0,,greenje02
89,Gary Harris,21,DEN,SG,76,76,2439,359,765,.469,105,297,.354,254,468,.543,.538,109,133,.820,54,166,220,147,97,18,98,143,932,0,,harriga01
90,Jahlil Okafor,20,PHI,C,53,48,1591,397,781,.508,1,6,.167,396,775,.511,.509,133,194,.686,122,251,373,65,22,61,124,140,928,0,ROY-5,okafoja01
91,Julius Randle,21,LAL,PF,81,60,2286,358,835,.429,10,36,.278,348,799,.436,.435,193,270,.715,172,657,829,144,53,29,149,242,919,1,,randlju01
92,Deron Williams,31,DAL,PG,65,63,2106,321,775,.414,97,282,.344,224,493,.454,.477,179,206,.869,19,171,190,378,61,14,150,155,918,0,,willide01
93,Jeremy Lin,27,CHO,SG,78,13,2048,300,728,.412,76,226,.336,224,502,.446,.464,238,292,.815,42,211,253,235,58,42,150,165,914,0,6MOY-7,linje01
94,Luol Deng,30,MIA,PF,74,73,2394,339,745,.455,88,256,.344,251,489,.513,.514,145,192,.755,108,335,443,140,74,29,81,122,911,0,,denglu01
95,Arron Afflalo,30,NYK,SG,71,57,2371,354,799,.443,91,238,.382,263,561,.469,.500,110,131,.840,23,243,266,144,25,10,82,142,909,0,,afflaar01
96,George Hill,29,IND,PG,74,73,2524,326,739,.441,128,314,.408,198,425,.466,.528,114,150,.760,58,240,298,259,83,17,101,149,894,0,,hillge01
97,Bojan Bogdanović,26,BRK,SF,79,39,2115,324,749,.433,129,338,.382,195,411,.474,.519,110,132,.833,36,219,255,99,29,5,115,119,887,0,,bogdabo02
98,Dennis Schröder,22,ATL,PG,80,6,1621,329,781,.421,77,239,.322,252,542,.465,.471,144,182,.791,25,179,204,349,70,9,183,138,879,0,6MOY-9,schrode01
99,Kent Bazemore,26,ATL,SF,75,68,2083,320,725,.441,109,305,.357,211,420,.502,.517,123,151,.815,28,351,379,171,98,38,138,176,872,0,,bazemke01
100,Emmanuel Mudiay,19,DEN,PG,68,66,2068,329,905,.364,74,232,.319,255,673,.379,.404,140,209,.670,32,200,232,372,65,35,217,141,872,0,ROY-7,mudiaem01
101,Otto Porter Jr.,22,WAS,SF,75,73,2276,339,717,.473,98,267,.367,241,450,.536,.541,95,126,.754,97,294,391,120,105,32,70,163,871,0,,porteot01
102,Shabazz Muhammad,23,MIN,SF,82,0,1682,317,681,.465,44,152,.289,273,529,.516,.498,185,242,.764,100,167,267,52,24,7,70,94,863,0,,muhamsh01
103,Marc Gasol,31,MEM,C,52,52,1791,328,707,.464,2,3,.667,326,704,.463,.465,203,245,.829,58,304,362,196,50,70,118,141,861,1,,gasolma01
104,Rajon Rondo,29,SAC,PG,72,72,2537,355,782,.454,62,170,.365,293,612,.479,.494,87,150,.580,77,358,435,839,141,10,278,175,859,6,,rondora01
105,Robert Covington,25,PHI,SF,67,49,1903,274,712,.385,170,482,.353,104,230,.452,.504,140,177,.791,65,354,419,97,105,40,143,232,858,0,,covinro01
106,Mike Conley,28,MEM,PG,56,56,1761,294,696,.422,78,215,.363,216,481,.449,.478,191,229,.834,26,138,164,342,67,16,84,100,857,0,,conlemi01
107,Tony Parker,33,SAS,PG,72,72,1980,350,710,.493,27,65,.415,323,645,.501,.512,130,171,.760,17,159,176,379,54,11,131,114,857,0,,parketo01
108,Evan Turner,27,BOS,SG,81,12,2271,343,753,.456,20,83,.241,323,670,.482,.469,148,179,.827,50,347,397,359,80,28,169,139,854,0,6MOY-5,turneev01
109,Isaiah Canaan,24,PHI,SG,77,39,1966,260,722,.360,176,485,.363,84,237,.354,.482,150,180,.833,20,154,174,137,56,12,91,133,846,0,,canaais01
110,Robin Lopez,27,NYK,C,82,82,2219,357,662,.539,0,1,.000,357,661,.540,.539,128,161,.795,268,334,602,114,16,129,133,182,842,0,,lopezro01
111,Al-Farouq Aminu,25,POR,SF,82,82,2341,299,719,.416,126,349,.361,173,370,.468,.503,115,156,.737,98,401,499,138,72,53,120,171,839,0,,aminual01
112,Chandler Parsons,27,DAL,SF,61,51,1799,320,651,.492,104,251,.414,216,400,.540,.571,93,136,.684,29,256,285,169,46,21,95,114,837,0,,parsoch01
113,Kenneth Faried,26,DEN,PF,67,64,1694,349,626,.558,1,2,.500,348,624,.558,.558,136,222,.613,235,346,581,79,32,60,91,169,835,0,,farieke01
114,Jared Sullinger,23,BOS,PF,81,73,1915,351,806,.435,29,103,.282,322,703,.458,.453,103,161,.640,194,479,673,187,75,47,102,209,834,0,,sullija01
115,Allen Crabbe,23,POR,SG,81,8,2105,311,678,.459,112,285,.393,199,393,.506,.541,98,113,.867,27,189,216,99,63,16,64,192,832,0,6MOY-16,crabbal01
116,Gorgui Dieng,26,MIN,C,82,39,2220,308,579,.532,6,20,.300,302,559,.540,.537,205,248,.827,157,428,585,143,94,96,140,219,827,0,,dienggo01
117,Omri Casspi,27,SAC,PF,69,21,1880,299,622,.481,112,274,.409,187,348,.537,.571,103,159,.648,58,352,410,95,56,17,94,154,813,0,,casspom01
118,Ramon Sessions,29,WAS,PG,82,5,1667,280,592,.473,36,111,.324,244,481,.507,.503,214,283,.756,25,178,203,239,46,5,115,102,810,0,,sessira01
119,J.J. Barea,31,DAL,PG,74,16,1667,317,711,.446,100,260,.385,217,451,.481,.516,74,96,.771,26,126,152,302,26,2,113,110,808,0,6MOY-12,bareajo01
120,Nikola Jokić,20,DEN,C,80,55,1733,307,600,.512,28,84,.333,279,516,.541,.535,154,190,.811,181,379,560,189,79,50,104,208,796,0,ROY-3,jokicni01
121,Elfrid Payton,21,ORL,PG,73,69,2145,318,730,.436,30,92,.326,288,638,.451,.456,112,190,.589,77,184,261,468,89,20,177,159,778,1,,paytoel01
122,Nikola Mirotić,24,CHI,PF,66,38,1646,248,609,.407,135,346,.390,113,263,.430,.518,146,181,.807,58,304,362,100,58,46,102,151,777,0,,mirotni01
123,Harrison Barnes,23,GSW,SF,66,59,2042,295,633,.466,82,214,.383,213,419,.508,.531,102,134,.761,77,248,325,117,41,10,57,136,774,0,,barneha02
124,Jonas Valančiūnas,23,TOR,C,60,59,1557,303,536,.565,0,0,,303,536,.565,.565,162,213,.761,184,363,547,42,25,80,85,158,768,0,,valanjo01
125,Ersan İlyasova,28,2TM,PF,74,56,1881,280,661,.424,96,259,.371,184,402,.458,.496,111,154,.721,144,259,403,67,52,33,71,171,767,0,,ilyaser01
125,Ersan İlyasova,28,DET,PF,52,52,1434,216,508,.425,78,215,.363,138,293,.471,.502,79,109,.725,99,183,282,55,38,27,59,120,589,0,,ilyaser01
125,Ersan İlyasova,28,ORL,PF,22,4,447,64,153,.418,18,44,.409,46,109,.422,.477,32,45,.711,45,76,121,12,14,6,12,51,178,0,,ilyaser01
126,Ricky Rubio,25,MIN,PG,76,76,2323,219,586,.374,62,190,.326,157,396,.396,.427,266,314,.847,40,286,326,658,162,10,193,201,766,0,,rubiori01
127,Markieff Morris,26,2TM,PF,64,45,1629,305,718,.425,47,155,.303,258,563,.458,.458,108,147,.735,73,279,352,124,58,34,135,184,765,0,,morrima02
127,Markieff Morris,26,PHO,PF,37,24,917,171,431,.397,22,76,.289,149,355,.420,.422,66,92,.717,43,151,194,87,33,17,90,104,430,0,,morrima02
127,Markieff Morris,26,WAS,PF,27,21,712,134,287,.467,25,79,.316,109,208,.524,.510,42,55,.764,30,128,158,37,25,17,45,80,335,0,,morrima02
128,Doug McDermott,24,CHI,SF,81,4,1861,291,644,.452,110,259,.425,181,385,.470,.537,72,84,.857,37,158,195,59,14,6,53,127,764,0,,mcderdo01
129,Raymond Felton,31,DAL,PG,80,31,2192,277,682,.406,60,213,.282,217,469,.463,.450,149,176,.847,36,222,258,284,68,15,121,141,763,1,,feltora01
130,Dion Waiters,24,OKC,SG,78,15,2152,282,706,.399,86,240,.358,196,466,.421,.460,112,157,.713,36,166,202,154,81,15,120,143,762,0,,waitedi01
131,Courtney Lee,30,2TM,SG,79,65,2334,290,639,.454,82,217,.378,208,422,.493,.518,99,118,.839,29,176,205,136,85,28,72,134,761,0,,leeco01
131,Courtney Lee,30,MEM,SG,51,37,1489,192,419,.458,51,138,.370,141,281,.502,.519,76,92,.826,19,99,118,76,52,16,49,79,511,0,,leeco01
131,Courtney Lee,30,CHO,SG,28,28,845,98,220,.445,31,79,.392,67,141,.475,.516,23,26,.885,10,77,87,60,33,12,23,55,250,0,,leeco01
132,Matt Barnes,35,MEM,SF,76,45,2190,264,693,.381,119,370,.322,145,323,.449,.467,111,138,.804,84,336,420,163,78,57,121,234,758,1,,barnema02
133,Hollis Thompson,24,PHI,SG,77,17,2154,270,680,.397,149,392,.380,121,288,.420,.507,69,96,.719,54,218,272,99,36,24,76,187,758,0,,thompho01
134,C.J. Miles,28,IND,SF,64,24,1464,259,634,.409,142,387,.367,117,247,.474,.521,93,124,.750,25,150,175,63,53,29,70,142,753,0,,milescj01
135,Jerami Grant,21,PHI,PF,77,52,2066,251,599,.419,35,146,.240,216,453,.477,.448,212,322,.658,99,262,361,135,54,127,110,215,749,0,,grantje01
136,Blake Griffin,26,LAC,PF,35,35,1170,301,603,.499,6,18,.333,295,585,.504,.504,141,194,.727,51,243,294,170,28,17,83,95,749,0,,griffbl01
137,Mason Plumlee,25,POR,C,82,82,2084,267,517,.516,0,4,.000,267,513,.520,.516,215,335,.642,201,427,628,226,68,85,154,253,749,0,,plumlma01
138,Nerlens Noel,21,PHI,C,67,62,1965,306,587,.521,1,2,.500,305,585,.521,.522,134,227,.590,154,388,542,122,118,100,158,192,747,0,,noelne01
139,Derrick Williams,24,NYK,SF,80,9,1435,254,565,.450,44,150,.293,210,415,.506,.488,194,256,.758,47,249,296,75,29,9,61,69,746,0,,willide02
140,Kyle Korver,34,ATL,SG,80,80,2401,268,616,.435,158,397,.398,110,219,.502,.563,45,54,.833,14,246,260,164,60,35,98,161,739,0,,korveky01
141,Terrence Ross,24,TOR,SF,73,7,1747,270,626,.431,131,339,.386,139,287,.484,.536,49,62,.790,21,164,185,56,54,25,46,120,720,0,,rosste01
142,Aaron Gordon,20,ORL,PF,78,37,1863,274,579,.473,42,142,.296,232,437,.531,.509,129,193,.668,154,353,507,128,59,55,66,153,719,0,,gordoaa01
143,Alex Len,22,PHO,C,78,46,1821,264,624,.423,1,7,.143,263,617,.426,.424,174,239,.728,178,416,594,97,38,62,145,230,703,0,,lenal01
144,Patrick Beverley,27,HOU,PG,71,63,2041,258,594,.434,124,310,.400,134,284,.472,.539,60,88,.682,73,177,250,239,94,26,91,234,700,0,,beverpa01
145,Marco Belinelli,29,SAC,SG,68,7,1672,245,635,.386,91,297,.306,154,338,.456,.457,115,138,.833,10,107,117,127,37,2,80,91,696,0,,belinma01
146,Patty Mills,27,SAS,PG,81,3,1662,260,612,.425,123,320,.384,137,292,.469,.525,47,58,.810,27,131,158,226,59,6,76,102,690,0,,millspa02
147,Kelly Olynyk,24,BOS,C,69,8,1395,253,556,.455,85,210,.405,168,346,.486,.531,96,128,.750,72,209,281,105,52,33,74,163,687,0,,olynyke01
148,Eric Gordon,27,NOP,SG,45,44,1481,231,552,.418,113,294,.384,118,258,.457,.521,111,125,.888,10,89,99,121,43,14,73,98,686,0,,gordoer01
149,Trey Burke,23,UTA,PG,64,0,1366,262,634,.413,88,256,.344,174,378,.460,.483,67,82,.817,18,94,112,148,35,6,80,86,679,0,,burketr01
150,Cory Joseph,24,TOR,SG,80,4,2046,257,585,.439,30,110,.273,227,475,.478,.465,133,174,.764,39,171,210,250,63,20,102,131,677,0,,josepco01
151,Luis Scola,35,TOR,PF,76,76,1636,269,598,.450,65,161,.404,204,437,.467,.504,61,84,.726,84,276,360,66,46,27,68,178,664,0,,scolalu01
152,Ian Mahinmi,29,IND,C,71,71,1816,264,448,.589,0,0,,264,448,.589,.589,132,225,.587,138,369,507,104,65,75,100,220,660,0,,mahinia01
153,P.J. Tucker,30,PHO,SF,82,80,2540,239,582,.411,68,206,.330,171,376,.455,.469,106,142,.746,165,347,512,177,106,20,111,202,652,0,,tuckepj01
154,Zaza Pachulia,31,DAL,C,76,69,2004,219,470,.466,0,3,.000,219,467,.469,.466,212,276,.768,249,469,718,128,64,22,119,181,650,0,,pachuza01
155,Jordan Hill,28,IND,C,73,11,1513,278,549,.506,0,1,.000,278,548,.507,.506,89,125,.712,156,295,451,87,36,37,92,155,645,0,,hilljo01
156,Tristan Thompson,24,CLE,PF,82,34,2269,247,420,.588,0,0,,247,420,.588,.588,149,242,.616,268,470,738,62,38,51,61,202,643,0,6MOY-10,thomptr01
157,Jared Dudley,30,WAS,PF,81,41,2098,233,487,.478,100,238,.420,133,249,.534,.581,72,98,.735,54,232,286,170,75,18,80,190,638,0,,dudleja01
158,Cody Zeller,23,CHO,C,73,60,1774,231,437,.529,1,10,.100,230,427,.539,.530,175,232,.754,138,317,455,71,57,63,68,204,638,0,,zelleco01
159,Steven Adams,22,OKC,C,80,80,2014,261,426,.613,0,0,,261,426,.613,.613,114,196,.582,219,314,533,62,42,89,84,223,636,0,,adamsst01
160,Eric Bledsoe,26,PHO,PG,31,31,1059,223,492,.453,48,129,.372,175,363,.482,.502,138,172,.802,18,107,125,190,63,19,110,75,632,0,,bledser01
161,Mario Chalmers,29,2TM,PG,61,7,1373,182,444,.410,46,149,.309,136,295,.461,.462,218,262,.832,24,133,157,230,88,13,110,181,628,0,,chalmma01
161,Mario Chalmers,29,MIA,PG,6,0,120,10,32,.313,1,11,.091,9,21,.429,.328,12,13,.923,1,13,14,19,8,1,9,16,33,0,,chalmma01
161,Mario Chalmers,29,MEM,PG,55,7,1253,172,412,.417,45,138,.326,127,274,.464,.472,206,249,.827,23,120,143,211,80,12,101,165,595,0,,chalmma01
162,Taj Gibson,30,CHI,PF,73,55,1936,263,500,.526,0,3,.000,263,497,.529,.526,101,146,.692,206,298,504,106,47,77,78,180,627,0,,gibsota01
163,Langston Galloway,24,NYK,PG,82,7,2033,231,588,.393,77,224,.344,154,364,.423,.458,86,114,.754,43,245,288,207,77,22,61,177,625,0,,gallola01
164,Gerald Henderson,28,POR,SG,72,0,1431,232,529,.439,48,136,.353,184,393,.468,.484,112,146,.767,30,181,211,75,39,19,68,87,624,0,,hendege02
165,Michael Carter-Williams,24,MIL,PG,54,37,1649,251,555,.452,15,55,.273,236,500,.472,.466,106,162,.654,48,228,276,281,80,41,153,162,623,0,,cartemi01
166,Myles Turner,19,IND,C,60,30,1367,264,530,.498,3,14,.214,261,516,.506,.501,88,121,.727,68,264,332,41,25,86,67,158,619,0,ROY-8,turnemy01
167,Nik Stauskas,22,PHI,SG,73,35,1809,210,545,.385,106,325,.326,104,220,.473,.483,91,118,.771,23,160,183,138,44,20,94,115,617,0,,stausni01
168,Gerald Green,30,MIA,SG,69,14,1557,230,587,.392,84,260,.323,146,327,.446,.463,72,92,.783,25,138,163,56,38,19,46,123,616,0,,greenge01
169,Frank Kaminsky,22,CHO,C,81,3,1708,215,525,.410,68,202,.337,147,323,.455,.474,108,148,.730,69,266,335,98,38,43,58,126,606,0,,kaminfr01
170,Stanley Johnson,19,DET,SF,73,6,1687,225,600,.375,63,205,.307,162,395,.410,.428,80,102,.784,58,248,306,118,55,12,114,178,593,0,,johnsst04
171,Austin Rivers,23,LAC,SG,67,7,1464,226,516,.438,62,185,.335,164,331,.495,.498,79,116,.681,22,108,130,99,48,9,61,137,593,0,,riverau01
172,Corey Brewer,29,HOU,SF,82,12,1669,212,552,.384,61,224,.272,151,328,.460,.439,105,140,.750,42,157,199,109,84,19,78,168,590,0,,breweco01
173,Marcus Thornton,28,2TM,SG,61,8,1109,216,542,.399,91,270,.337,125,272,.460,.482,67,79,.848,38,112,150,85,47,4,51,90,590,0,,thornma01
173,Marcus Thornton,28,HOU,SG,47,6,885,174,435,.400,73,216,.338,101,219,.461,.484,51,58,.879,31,84,115,66,34,3,40,73,472,0,,thornma01
173,Marcus Thornton,28,WAS,SG,14,2,224,42,107,.393,18,54,.333,24,53,.453,.477,16,21,.762,7,28,35,19,13,1,11,17,118,0,,thornma01
174,Wayne Ellington,28,BRK,SG,76,41,1615,218,561,.389,96,268,.358,122,293,.416,.474,54,63,.857,20,154,174,83,48,5,45,82,586,0,,ellinwa01
175,Garrett Temple,29,WAS,SF,80,43,1951,201,505,.398,89,258,.345,112,247,.453,.486,91,125,.728,36,176,212,140,69,18,64,195,582,0,,templga01
176,Jeremy Lamb,23,CHO,SG,66,0,1227,230,510,.451,56,181,.309,174,329,.529,.506,64,88,.727,44,208,252,77,42,30,50,105,580,0,,lambje01
177,JaMychal Green,25,MEM,PF,78,15,1446,230,495,.465,15,45,.333,215,450,.478,.480,103,137,.752,139,234,373,67,46,33,83,189,578,0,,greenja01
178,Amir Johnson,28,BOS,PF,79,76,1800,249,426,.585,10,43,.233,239,383,.624,.596,69,121,.570,178,327,505,138,52,83,94,214,577,0,,johnsam01
179,Lance Stephenson,25,2TM,SF,69,13,1372,228,474,.481,30,78,.385,198,396,.500,.513,87,111,.784,40,183,223,133,43,9,94,135,573,0,,stephla01
179,Lance Stephenson,25,LAC,SF,43,10,680,82,166,.494,19,47,.404,63,119,.529,.551,21,30,.700,19,89,108,60,24,3,48,79,204,0,,stephla01
179,Lance Stephenson,25,MEM,SF,26,3,692,146,308,.474,11,31,.355,135,277,.487,.492,66,81,.815,21,94,115,73,19,6,46,56,369,0,,stephla01
180,Danny Green,28,SAS,SG,79,79,2062,211,561,.376,116,349,.332,95,212,.448,.480,34,46,.739,48,255,303,141,79,64,75,141,572,0,,greenda02
181,Matthew Dellavedova,25,CLE,PG,76,14,1867,207,511,.405,98,239,.410,109,272,.401,.501,57,66,.864,33,129,162,337,44,9,116,178,569,0,,dellama01
182,Jon Leuer,26,PHO,PF,67,27,1255,224,466,.481,42,110,.382,182,356,.511,.526,77,101,.762,76,297,373,72,38,30,75,125,567,0,,leuerjo01
183,Shane Larkin,23,BRK,PG,78,17,1751,222,502,.442,39,108,.361,183,394,.464,.481,83,107,.776,28,152,180,342,95,12,146,121,566,0,,larkish01
184,Al Jefferson,31,CHO,C,47,18,1096,245,505,.485,0,0,,245,505,.485,.485,72,111,.649,57,244,301,70,30,41,34,117,562,0,,jeffeal01
185,Marcus Smart,21,BOS,PG,61,10,1667,184,529,.348,61,241,.253,123,288,.427,.405,129,166,.777,76,179,255,185,91,18,80,183,558,1,,smartma01
186,Rudy Gobert,23,UTA,C,61,60,1932,198,354,.559,0,0,,198,354,.559,.559,161,283,.569,208,460,668,91,45,135,114,163,557,0,DPOY-7,goberru01
187,Manu Ginóbili,38,SAS,SG,58,0,1134,197,435,.453,70,179,.391,127,256,.496,.533,91,112,.813,26,120,146,177,66,11,99,99,555,0,,ginobma01
188,David West,35,SAS,PF,78,19,1404,244,448,.545,3,7,.429,241,441,.546,.548,63,80,.788,72,237,309,143,44,55,68,142,554,0,,westda01
189,Wesley Johnson,28,LAC,SF,80,9,1666,208,515,.404,103,309,.333,105,206,.510,.504,30,46,.652,37,211,248,49,89,56,54,173,549,0,,johnswe01
190,Jason Smith,29,ORL,C,76,2,1181,244,503,.485,4,16,.250,240,487,.493,.489,54,67,.806,53,166,219,62,33,65,57,163,546,0,,smithja02
191,José Calderón,34,NYK,PG,72,72,2024,209,455,.459,84,203,.414,125,252,.496,.552,42,48,.875,22,207,229,298,63,7,87,135,544,0,,caldejo01
192,Patrick Patterson,26,TOR,PF,79,0,2020,204,493,.414,106,293,.362,98,200,.490,.521,29,34,.853,77,265,342,94,53,32,65,128,543,0,6MOY-16,pattepa01
193,Clint Capela,21,HOU,C,77,35,1471,231,397,.582,0,1,.000,231,396,.583,.582,80,211,.379,194,300,494,47,59,92,60,190,542,0,,capelca01
194,Jerryd Bayless,27,MIL,SG,52,18,1505,185,437,.423,101,231,.437,84,206,.408,.539,70,90,.778,21,120,141,163,47,11,73,111,541,0,,bayleje01
195,Tony Allen,34,MEM,SG,64,57,1620,215,469,.458,15,42,.357,200,427,.468,.474,90,138,.652,104,192,296,70,110,18,78,175,535,0,DPOY-8,allento01
196,Toney Douglas,29,NOP,PG,61,18,1262,183,445,.411,81,203,.399,102,242,.421,.502,84,99,.848,25,118,143,157,70,5,64,131,531,0,,douglto01
197,Ben McLemore,22,SAC,SG,68,53,1443,195,455,.429,67,185,.362,128,270,.474,.502,74,103,.718,34,114,148,79,52,10,99,140,531,0,,mclembe01
198,Kosta Koufos,26,SAC,C,78,14,1482,236,444,.532,0,0,,236,444,.532,.532,57,104,.548,169,254,423,33,40,70,48,185,529,0,,koufoko01
199,Darrell Arthur,27,DEN,PF,70,16,1516,221,489,.452,45,117,.385,176,372,.473,.498,40,53,.755,86,207,293,96,53,48,66,185,527,0,,arthuda01
200,Ed Davis,26,POR,PF,81,0,1684,206,337,.611,0,0,,206,337,.611,.611,114,204,.559,224,375,599,88,57,72,64,202,526,0,6MOY-8,davised01
201,Nenê,33,WAS,PF,57,11,1094,209,384,.544,0,3,.000,209,381,.549,.544,107,185,.578,52,207,259,97,54,26,76,156,525,0,,hilarne01
202,Tim Duncan,39,SAS,C,61,60,1536,215,441,.488,0,2,.000,215,439,.490,.488,92,131,.702,115,332,447,163,47,78,90,125,522,0,,duncati01
203,Rodney Stuckey,29,IND,PG,58,1,1275,183,443,.413,20,83,.241,163,360,.453,.436,131,158,.829,19,137,156,142,43,8,76,77,517,0,,stuckro01
204,T.J. Warren,22,PHO,SF,47,4,1070,221,441,.501,28,70,.400,193,371,.520,.533,45,64,.703,57,90,147,44,37,16,32,94,515,0,,warretj01
205,Aron Baynes,29,DET,C,81,1,1233,194,384,.505,0,2,.000,194,382,.508,.505,126,165,.764,140,244,384,51,21,52,67,151,514,0,,baynear01
206,Kevin Martin,32,2TM,SG,55,13,1095,156,419,.372,49,136,.360,107,283,.378,.431,153,172,.890,14,96,110,58,26,3,54,83,514,0,,martike02
206,Kevin Martin,32,MIN,SG,39,12,834,126,334,.377,38,103,.369,88,231,.381,.434,125,142,.880,10,71,81,46,17,1,41,68,415,0,,martike02
206,Kevin Martin,32,SAS,SG,16,1,261,30,85,.353,11,33,.333,19,52,.365,.418,28,30,.933,4,25,29,12,9,2,13,15,99,0,,martike02
207,Marreese Speights,28,GSW,C,72,0,832,197,456,.432,24,62,.387,173,394,.439,.458,94,114,.825,77,162,239,61,19,34,66,117,512,0,,speigma01
208,Meyers Leonard,23,POR,PF,61,10,1333,195,435,.448,86,228,.377,109,207,.527,.547,35,46,.761,51,263,314,92,8,18,77,183,511,0,,leoname01
209,Archie Goodwin,21,PHO,PG,57,13,1114,176,422,.417,23,99,.232,153,323,.474,.444,130,193,.674,27,115,142,118,27,13,100,84,505,0,,goodwar01
210,Justise Winslow,19,MIA,SF,78,8,2232,195,462,.422,32,116,.276,163,346,.471,.457,80,117,.684,81,322,403,117,68,26,95,184,502,0,ROY-6,winslju01
211,Maurice Harkless,22,POR,SF,78,14,1457,195,411,.474,39,140,.279,156,271,.576,.522,69,111,.622,101,179,280,67,49,35,62,124,498,0,,harklma01
212,T.J. McConnell,23,PHI,PG,81,17,1606,218,464,.470,31,89,.348,187,375,.499,.503,26,41,.634,43,207,250,367,95,10,140,114,493,0,,mccontj01
213,Aaron Brooks,31,CHI,PG,69,0,1108,188,469,.401,66,185,.357,122,284,.430,.471,49,64,.766,21,80,101,180,30,10,82,132,491,0,,brookaa01
214,Shaun Livingston,30,GSW,PG,78,3,1520,203,379,.536,2,12,.167,201,367,.548,.538,80,93,.860,42,127,169,237,57,27,78,140,488,0,6MOY-11,livinsh01
215,Trey Lyles,20,UTA,PF,80,33,1382,191,436,.438,49,128,.383,142,308,.461,.494,57,82,.695,59,240,299,59,26,18,65,114,488,0,,lylestr01
216,Devin Harris,32,DAL,PG,64,0,1280,167,374,.447,52,158,.329,115,216,.532,.516,101,140,.721,18,120,138,118,60,13,66,124,487,0,,harride01
217,Boris Diaw,33,SAS,PF,76,4,1386,202,383,.527,25,69,.362,177,314,.564,.560,56,76,.737,58,175,233,176,26,21,97,102,485,0,6MOY-12,diawbo01
218,Dante Cunningham,28,NOP,SF,80,46,1971,186,412,.451,55,174,.316,131,238,.550,.518,57,82,.695,57,179,236,77,42,33,41,173,484,0,,cunnida01
219,Lance Thomas,27,NYK,PF,59,5,1313,169,382,.442,44,109,.404,125,273,.458,.500,102,119,.857,34,97,131,53,22,7,57,109,484,0,,thomala01
220,Roy Hibbert,29,LAL,C,81,81,1878,182,411,.443,0,2,.000,182,409,.445,.443,117,145,.807,132,266,398,95,32,110,76,252,481,0,,hibbero01
221,Thabo Sefolosha,31,ATL,SF,75,11,1758,188,372,.505,42,124,.339,146,248,.589,.562,62,99,.626,52,282,334,107,85,37,68,109,480,0,,sefolth01
222,Mario Hezonja,20,ORL,SF,79,9,1413,181,418,.433,67,192,.349,114,226,.504,.513,49,54,.907,28,148,176,109,39,17,97,124,478,0,,hezonma01
223,Norris Cole,27,NOP,PG,45,23,1198,196,484,.405,33,102,.324,163,382,.427,.439,52,65,.800,10,141,151,167,37,5,75,102,477,0,,coleno01
224,Raul Neto,23,UTA,PG,81,53,1499,180,418,.431,64,162,.395,116,256,.453,.507,52,70,.743,17,103,120,174,62,2,109,122,476,0,,netora01
225,Timofey Mozgov,29,CLE,C,76,48,1326,203,359,.565,1,7,.143,202,352,.574,.567,68,95,.716,110,227,337,33,22,57,71,159,475,0,,mozgoti01
226,Randy Foye,32,2TM,SG,81,8,1642,169,482,.351,75,250,.300,94,232,.405,.428,61,74,.824,24,132,156,161,39,29,86,131,474,0,,foyera01
226,Randy Foye,32,DEN,SG,54,7,1070,117,333,.351,50,169,.296,67,164,.409,.426,39,47,.830,16,89,105,112,26,16,58,83,323,0,,foyera01
226,Randy Foye,32,OKC,SG,27,1,572,52,149,.349,25,81,.309,27,68,.397,.433,22,27,.815,8,43,51,49,13,13,28,48,151,0,,foyera01
227,Brandon Bass,30,LAL,PF,66,0,1342,174,317,.549,0,2,.000,174,315,.552,.549,125,148,.845,104,181,285,74,33,55,42,125,473,0,,bassbr01
228,Tyson Chandler,33,PHO,C,66,60,1618,183,314,.583,0,1,.000,183,313,.585,.583,106,171,.620,175,401,576,64,36,44,93,145,472,0,,chandty01
229,D.J. Augustin,28,2TM,PG,62,0,1178,148,350,.423,68,168,.405,80,182,.440,.520,103,128,.805,8,87,95,198,38,4,84,85,467,0,,augusdj01
229,D.J. Augustin,28,OKC,PG,34,0,519,46,121,.380,24,61,.393,22,60,.367,.479,26,34,.765,5,38,43,66,13,2,30,41,142,0,,augusdj01
229,D.J. Augustin,28,DEN,PG,28,0,659,102,229,.445,44,107,.411,58,122,.475,.541,77,94,.819,3,49,52,132,25,2,54,44,325,0,,augusdj01
230,Joffrey Lauvergne,24,DEN,C,59,15,1041,195,380,.513,13,53,.245,182,327,.557,.530,62,69,.899,77,213,290,56,13,15,54,115,465,0,,lauvejo01
231,Mike Scott,27,ATL,PF,75,0,1146,176,376,.468,62,158,.392,114,218,.523,.551,50,63,.794,53,153,206,78,25,17,42,102,464,0,,scottmi01
232,Trevor Booker,28,UTA,PF,79,2,1632,190,388,.490,12,41,.293,178,347,.513,.505,71,106,.670,166,286,452,84,59,41,81,169,463,0,,booketr01
233,Willie Cauley-Stein,22,SAC,C,66,39,1412,191,339,.563,0,2,.000,191,337,.567,.563,81,125,.648,134,218,352,37,48,66,46,146,463,0,,caulewi01
234,Andre Iguodala,32,GSW,SF,65,1,1732,176,368,.478,54,154,.351,122,214,.570,.552,51,83,.614,52,211,263,219,73,19,79,102,457,0,6MOY-2,iguodan01
235,Bismack Biyombo,23,TOR,C,82,22,1808,156,288,.542,0,1,.000,156,287,.544,.542,142,226,.628,182,473,655,29,19,133,71,225,454,0,,biyombi01
236,Shelvin Mack,25,2TM,PG,52,27,1058,182,415,.439,39,125,.312,143,290,.493,.486,45,61,.738,13,115,128,187,34,3,95,72,448,0,,macksh01
236,Shelvin Mack,25,ATL,PG,24,0,179,40,95,.421,4,27,.148,36,68,.529,.442,9,12,.750,2,20,22,38,8,0,14,7,93,0,,macksh01
236,Shelvin Mack,25,UTA,PG,28,27,879,142,320,.444,35,98,.357,107,222,.482,.498,36,49,.735,11,95,106,149,26,3,81,65,355,0,,macksh01
237,E'Twaun Moore,26,CHI,SG,59,22,1263,187,389,.481,47,104,.452,140,285,.491,.541,22,35,.629,19,114,133,99,37,18,53,103,443,0,,mooreet01
238,Bobby Portis,20,CHI,PF,62,4,1102,186,436,.427,16,52,.308,170,384,.443,.445,48,66,.727,123,214,337,52,25,22,54,100,436,0,,portibo01
239,Terrence Jones,24,HOU,PF,50,11,1044,166,367,.452,25,79,.316,141,288,.490,.486,77,116,.664,62,149,211,41,23,39,49,86,434,0,,joneste01
240,Leandro Barbosa,33,GSW,SG,68,0,1079,171,370,.462,39,110,.355,132,260,.508,.515,52,62,.839,28,89,117,82,44,10,53,107,433,0,,barbole01
241,Lavoy Allen,26,IND,PF,79,28,1599,191,370,.516,0,0,,191,370,.516,.516,46,73,.630,162,262,424,76,26,42,69,147,428,0,,allenla01
242,David Lee,32,2TM,PF,55,5,903,178,335,.531,0,1,.000,178,334,.533,.531,71,93,.763,101,204,305,84,22,28,66,114,427,0,,leeda02
242,David Lee,32,BOS,PF,30,4,470,87,192,.453,0,1,.000,87,191,.455,.453,40,51,.784,41,89,130,54,12,13,38,51,214,0,,leeda02
242,David Lee,32,DAL,PF,25,1,433,91,143,.636,0,0,,91,143,.636,.636,31,42,.738,60,115,175,30,10,15,28,63,213,0,,leeda02
243,Jerian Grant,23,NYK,PG,76,6,1265,154,391,.394,22,100,.220,132,291,.454,.422,96,123,.780,23,120,143,177,50,10,87,97,426,0,,grantje02
244,Channing Frye,32,2TM,C,70,32,1200,152,347,.438,91,235,.387,61,112,.545,.569,30,35,.857,35,199,234,71,29,28,43,127,425,0,,fryech01
244,Channing Frye,32,ORL,PF,44,29,754,81,186,.435,48,121,.397,33,65,.508,.565,19,21,.905,23,118,141,45,21,20,30,71,229,0,,fryech01
244,Channing Frye,32,CLE,C,26,3,446,71,161,.441,43,114,.377,28,47,.596,.575,11,14,.786,12,81,93,26,8,8,13,56,196,0,,fryech01
245,Donald Sloan,28,BRK,PG,61,33,1318,154,350,.440,38,99,.384,116,251,.462,.494,78,104,.750,17,156,173,268,32,4,80,73,424,0,,sloando01
246,Jason Terry,38,HOU,SG,72,7,1258,151,376,.402,93,261,.356,58,115,.504,.525,27,33,.818,14,65,79,103,47,9,49,91,422,0,,terryja01
247,Paul Pierce,38,LAC,SF,68,38,1231,144,397,.363,75,242,.310,69,155,.445,.457,54,66,.818,12,174,186,71,33,17,58,129,417,0,,piercpa01
248,Alec Burks,24,UTA,SG,31,3,797,137,334,.410,32,79,.405,105,255,.412,.458,106,141,.752,16,93,109,63,18,4,51,71,412,0,,burksal01
249,Jarrett Jack,32,BRK,PG,32,32,1027,140,358,.391,31,102,.304,109,256,.426,.434,100,112,.893,9,127,136,236,34,7,94,77,411,0,,jackja01
250,Richard Jefferson,35,CLE,SF,74,5,1326,143,312,.458,66,173,.382,77,139,.554,.564,58,87,.667,15,113,128,59,33,14,43,129,410,0,,jefferi01
251,P.J. Hairston,23,2TM,SF,66,52,1313,145,408,.355,70,241,.290,75,167,.449,.441,50,64,.781,25,149,174,38,32,11,41,137,410,0,,hairspj02
251,P.J. Hairston,23,CHO,SF,48,43,938,99,276,.359,54,172,.314,45,104,.433,.457,34,42,.810,18,110,128,29,24,7,24,106,286,0,,hairspj02
251,P.J. Hairston,23,MEM,SF,18,9,375,46,132,.348,16,69,.232,30,63,.476,.409,16,22,.727,7,39,46,9,8,4,17,31,124,0,,hairspj02
252,Dwight Powell,24,DAL,PF,69,2,992,146,296,.493,2,16,.125,144,280,.514,.497,105,142,.739,84,189,273,44,36,24,40,118,399,0,,poweldw01
253,John Henson,25,MIL,C,57,1,960,164,291,.564,0,1,.000,164,290,.566,.564,69,117,.590,87,134,221,54,18,109,64,131,397,0,,hensojo01
254,Vince Carter,39,MEM,SG,60,3,1005,133,343,.388,59,169,.349,74,174,.425,.474,70,84,.833,31,115,146,56,38,16,35,101,395,0,,cartevi01
255,Nick Young,30,LAL,SG,54,2,1033,126,372,.339,77,237,.325,49,135,.363,.442,63,76,.829,14,83,97,34,23,7,30,50,392,0,,youngni01
256,Gary Neal,31,WAS,SG,40,2,807,151,325,.465,41,100,.410,110,225,.489,.528,47,55,.855,11,72,83,47,20,1,29,55,390,0,,nealga01
257,Andrew Nicholson,26,ORL,PF,56,0,823,146,310,.471,41,114,.360,105,196,.536,.537,51,65,.785,34,167,201,25,10,22,41,69,384,0,,nichoan01
258,Anthony Tolliver,30,DET,PF,72,5,1341,128,332,.386,98,272,.360,30,60,.500,.533,29,47,.617,39,190,229,52,26,16,28,86,383,0,,tollian01
259,Anthony Morrow,30,OKC,SG,68,6,926,136,333,.408,79,204,.387,57,129,.442,.527,29,39,.744,10,52,62,24,22,5,17,64,380,0,,morroan01
260,Tyreke Evans,26,NOP,SG,25,25,765,136,314,.433,33,85,.388,103,229,.450,.486,74,93,.796,20,109,129,164,32,8,73,66,379,0,,evansty01
261,Andrew Bogut,31,GSW,C,70,66,1451,175,279,.627,1,1,1.000,174,278,.626,.629,24,50,.480,121,371,492,162,33,114,83,221,375,0,,bogutan01
262,JaKarr Sampson,22,2TM,SF,73,40,1160,140,317,.442,14,63,.222,126,254,.496,.464,80,122,.656,46,144,190,46,23,33,70,142,374,0,,sampsja02
262,JaKarr Sampson,22,PHI,SF,47,18,691,86,202,.426,6,34,.176,80,168,.476,.441,62,97,.639,30,99,129,30,11,16,51,91,240,0,,sampsja02
262,JaKarr Sampson,22,DEN,SF,26,22,469,54,115,.470,8,29,.276,46,86,.535,.504,18,25,.720,16,45,61,16,12,17,19,51,134,0,,sampsja02
263,Ty Lawson,28,2TM,PG,66,13,1411,139,354,.393,36,108,.333,103,246,.419,.444,59,86,.686,26,94,120,237,53,7,95,87,373,0,,lawsoty01
263,Ty Lawson,28,HOU,PG,53,12,1176,111,287,.387,31,94,.330,80,193,.415,.441,56,80,.700,20,69,89,180,43,6,82,71,309,0,,lawsoty01
263,Ty Lawson,28,IND,PG,13,1,235,28,67,.418,5,14,.357,23,53,.434,.455,3,6,.500,6,25,31,57,10,1,13,16,64,0,,lawsoty01
264,Tyler Zeller,26,BOS,C,60,3,710,138,290,.476,0,0,,138,290,.476,.476,88,108,.815,62,116,178,29,10,22,46,97,364,0,,zellety01
265,Markel Brown,24,BRK,SG,62,6,982,127,322,.394,38,121,.314,89,201,.443,.453,71,94,.755,23,99,122,91,38,15,54,94,363,0,,brownma02
266,Alexis Ajinça,27,NOP,C,59,17,861,150,315,.476,0,1,.000,150,314,.478,.476,52,62,.839,75,194,269,31,19,36,54,134,352,0,,ajincal01
267,Carl Landry,32,PHI,PF,36,12,569,139,250,.556,6,13,.462,133,237,.561,.568,67,91,.736,49,97,146,32,12,9,22,69,351,0,,landrca01
268,Kyle Anderson,22,SAS,SF,78,11,1245,138,295,.468,12,37,.324,126,258,.488,.488,62,83,.747,25,219,244,123,60,29,59,97,350,0,,anderky01
269,Larry Nance Jr.,23,LAL,PF,63,22,1266,158,300,.527,1,10,.100,157,290,.541,.528,32,47,.681,101,211,312,44,54,23,41,124,349,0,,nancela02
270,Sean Kilpatrick,26,2TM,SG,31,0,616,123,270,.456,39,114,.342,84,156,.538,.528,60,67,.896,12,44,56,29,12,2,31,37,345,0,,kilpase01
270,Sean Kilpatrick,26,DEN,SG,8,0,82,8,21,.381,4,17,.235,4,4,1.000,.476,7,8,.875,2,4,6,3,2,0,4,7,27,0,,kilpase01
270,Sean Kilpatrick,26,BRK,SG,23,0,534,115,249,.462,35,97,.361,80,152,.526,.532,53,59,.898,10,40,50,26,10,2,27,30,318,0,,kilpase01
271,Kris Humphries,30,3TM,PF,53,17,835,121,295,.410,34,108,.315,87,187,.465,.468,67,84,.798,57,161,218,36,16,23,38,94,343,0,,humphkr01
271,Kris Humphries,30,WAS,PF,28,14,466,64,158,.405,23,67,.343,41,91,.451,.478,29,31,.935,26,89,115,16,3,14,20,42,180,0,,humphkr01
271,Kris Humphries,30,PHO,PF,4,3,74,10,36,.278,3,10,.300,7,26,.269,.319,6,8,.750,11,21,32,7,3,2,4,8,29,0,,humphkr01
271,Kris Humphries,30,ATL,PF,21,0,295,47,101,.465,8,31,.258,39,70,.557,.505,32,45,.711,20,51,71,13,10,7,14,44,134,0,,humphkr01
272,Joe Ingles,28,UTA,SF,81,2,1241,124,291,.426,81,210,.386,43,81,.531,.565,13,18,.722,19,132,151,96,55,4,65,98,342,0,,inglejo01
273,Josh Richardson,22,MIA,SG,52,2,1107,123,272,.452,53,115,.461,70,157,.446,.550,42,63,.667,21,86,107,73,36,25,35,107,341,0,,richajo01
274,Spencer Hawes,27,CHO,PF,57,6,1035,124,306,.405,38,102,.373,86,204,.422,.467,54,65,.831,51,193,244,109,22,27,58,111,340,0,,hawessp01
275,Jonas Jerebko,28,BOS,PF,78,0,1176,118,286,.413,43,108,.398,75,178,.421,.488,61,78,.782,77,211,288,62,20,24,52,137,340,0,,jerebjo01
276,Tony Snell,24,CHI,SF,64,33,1301,126,339,.372,56,155,.361,70,184,.380,.454,30,33,.909,19,180,199,63,16,17,52,100,338,0,,snellto01
277,Mo Williams,33,CLE,PG,41,14,748,132,302,.437,36,102,.353,96,200,.480,.497,38,42,.905,6,66,72,98,14,5,57,60,338,0,,willima01
278,Andre Roberson,24,OKC,SG,70,70,1553,136,274,.496,32,103,.311,104,171,.608,.555,33,54,.611,79,172,251,47,53,42,35,133,337,0,,roberan03
279,Josh Smith,30,2TM,PF,55,7,880,127,349,.364,41,143,.287,86,206,.417,.423,37,67,.552,51,141,192,90,34,47,77,118,332,0,,smithjo03
279,Josh Smith,30,LAC,PF,32,1,459,69,180,.383,18,58,.310,51,122,.418,.433,25,42,.595,33,92,125,42,18,34,41,62,181,0,,smithjo03
279,Josh Smith,30,HOU,PF,23,6,421,58,169,.343,23,85,.271,35,84,.417,.411,12,25,.480,18,49,67,48,16,13,36,56,151,0,,smithjo03
280,Brandon Jennings,26,2TM,PG,48,7,868,112,304,.368,51,155,.329,61,149,.409,.452,57,78,.731,16,80,96,170,29,7,57,57,332,0,,jennibr01
280,Brandon Jennings,26,DET,PG,23,1,416,53,143,.371,24,77,.312,29,66,.439,.455,27,38,.711,5,41,46,70,11,2,22,24,157,0,,jennibr01
280,Brandon Jennings,26,ORL,PG,25,6,452,59,161,.366,27,78,.346,32,83,.386,.450,30,40,.750,11,39,50,100,18,5,35,33,175,0,,jennibr01
281,Ronnie Price,32,PHO,PG,62,18,1211,116,302,.384,68,196,.347,48,106,.453,.497,31,41,.756,25,74,99,147,74,13,70,161,331,0,,pricero01
282,Jonathon Simmons,26,SAS,SG,55,2,813,122,242,.504,18,47,.383,104,195,.533,.541,69,92,.750,16,80,96,58,24,5,53,103,331,0,,simmojo02
283,Cole Aldrich,27,LAC,C,60,5,800,134,225,.596,0,0,,134,225,.596,.596,60,84,.714,86,202,288,50,47,68,64,139,328,0,,aldrico01
284,Luke Babbitt,26,NOP,SF,47,13,845,122,289,.422,44,109,.404,78,180,.433,.498,39,50,.780,25,123,148,53,11,7,23,90,327,0,,babbilu01
285,Tim Hardaway Jr.,23,ATL,SG,51,1,864,114,265,.430,48,142,.338,66,123,.537,.521,50,56,.893,7,79,86,51,21,7,23,48,326,0,,hardati02
286,Alonzo Gee,28,NOP,SF,73,38,1632,132,255,.518,17,60,.283,115,195,.590,.551,44,66,.667,60,185,245,72,63,13,55,169,325,0,,geeal01
287,O.J. Mayo,28,MIL,SG,41,24,1090,119,321,.371,52,162,.321,67,159,.421,.452,31,40,.775,13,92,105,118,48,8,72,126,321,0,,mayooj01
288,Festus Ezeli,26,GSW,C,46,13,770,125,228,.548,0,0,,125,228,.548,.548,70,132,.530,91,166,257,32,18,50,38,94,320,0,,ezelife01
289,Charlie Villanueva,31,DAL,PF,62,4,665,125,327,.382,47,172,.273,78,155,.503,.454,22,24,.917,24,128,152,24,18,15,31,71,319,0,,villach01
290,Tyler Johnson,23,MIA,SG,36,5,863,118,243,.486,27,71,.380,91,172,.529,.541,51,64,.797,28,81,109,79,24,14,47,66,314,0,,johnsty01
291,Miles Plumlee,27,MIL,C,61,14,870,140,233,.601,0,0,,140,233,.601,.601,34,59,.576,94,138,232,16,21,50,40,73,314,0,,plumlmi01
292,Iman Shumpert,25,CLE,SG,54,5,1316,114,305,.374,43,146,.295,71,159,.447,.444,40,51,.784,32,171,203,92,54,19,57,119,311,0,,shumpim01
293,Kyle O'Quinn,25,NYK,PF,65,1,764,129,271,.476,5,22,.227,124,249,.498,.485,46,60,.767,76,174,250,72,20,49,61,107,309,0,,oquinky01
294,Nemanja Bjelica,27,MIN,PF,60,0,1075,110,235,.468,48,125,.384,62,110,.564,.570,40,55,.727,49,161,210,83,26,21,47,154,308,0,,bjeline01
295,Quincy Acy,25,SAC,PF,59,29,876,119,214,.556,19,49,.388,100,165,.606,.600,50,68,.735,65,123,188,27,29,24,27,103,307,0,,acyqu01
296,Thomas Robinson,24,BRK,PF,71,7,917,130,291,.447,0,1,.000,130,290,.448,.447,47,109,.431,136,223,359,46,39,36,69,111,307,0,,robinth01
297,Brandon Rush,30,GSW,SG,72,25,1055,111,260,.427,65,157,.414,46,103,.447,.552,18,28,.643,21,160,181,57,20,23,33,57,305,0,,rushbr01
298,Andrea Bargnani,30,BRK,C,46,0,634,127,279,.455,3,16,.188,124,263,.471,.461,47,57,.825,28,69,97,18,4,9,26,61,304,0,,bargnan01
299,Amar'e Stoudemire,33,MIA,C,52,36,762,125,221,.566,0,0,,125,221,.566,.566,50,67,.746,65,157,222,27,18,41,47,92,300,0,,stoudam01
300,Seth Curry,25,SAC,PG,44,9,692,102,224,.455,50,111,.450,52,113,.460,.567,45,54,.833,9,51,60,67,22,3,36,41,299,0,,curryse01
301,Jameer Nelson,33,DEN,PG,39,15,1036,113,307,.368,43,144,.299,70,163,.429,.438,30,35,.857,19,96,115,190,25,5,66,100,299,0,,nelsoja01
302,Boban Marjanović,27,SAS,C,54,4,508,105,174,.603,0,0,,105,174,.603,.603,87,114,.763,73,121,194,21,12,23,29,54,297,0,,marjabo01
303,Sasha Vujačić,31,NYK,SG,61,25,908,106,277,.383,52,143,.364,54,134,.403,.477,32,39,.821,26,123,149,84,34,5,44,83,296,0,,vujacsa01
304,Richaun Holmes,22,PHI,PF,51,1,702,114,222,.514,8,44,.182,106,178,.596,.532,51,74,.689,62,73,135,33,19,40,32,92,287,0,,holmeri01
305,James Johnson,28,TOR,PF,57,32,926,114,240,.475,20,66,.303,94,174,.540,.517,39,68,.574,28,98,126,67,29,33,54,84,287,0,,johnsja01
306,DeMarre Carroll,29,TOR,SF,26,22,786,105,270,.389,46,118,.390,59,152,.388,.474,30,50,.600,31,91,122,27,44,6,28,63,286,0,,carrode01
307,Cameron Payne,21,OKC,PG,57,1,698,114,278,.410,36,111,.324,78,167,.467,.475,19,24,.792,9,76,85,108,36,6,44,80,283,0,,payneca01
308,Noah Vonleh,20,POR,PF,78,56,1174,117,278,.421,11,46,.239,106,232,.457,.441,38,51,.745,91,214,305,30,27,26,50,152,283,0,,vonleno01
309,Norman Powell,22,TOR,SG,49,24,725,97,229,.424,36,89,.404,61,140,.436,.502,43,53,.811,16,95,111,47,29,10,32,59,273,0,,powelno01
310,Chase Budinger,27,2TM,SF,66,2,929,104,239,.435,24,86,.279,80,153,.523,.485,39,56,.696,43,107,150,64,32,10,44,62,271,0,,budinch01
310,Chase Budinger,27,IND,SF,49,2,729,81,194,.418,20,69,.290,61,125,.488,.469,34,48,.708,31,90,121,49,29,9,31,46,216,0,,budinch01
310,Chase Budinger,27,PHO,SF,17,0,200,23,45,.511,4,17,.235,19,28,.679,.556,5,8,.625,12,17,29,15,3,1,13,16,55,0,,budinch01
311,Ömer Aşık,29,NOP,C,68,64,1178,104,195,.533,0,0,,104,195,.533,.533,61,112,.545,120,294,414,26,21,23,60,124,269,0,,asikom01
312,Jusuf Nurkić,21,DEN,C,32,3,547,101,242,.417,0,3,.000,101,239,.423,.417,61,99,.616,65,110,175,40,24,44,55,91,263,0,,nurkiju01
313,Tim Frazier,25,2TM,PG,51,2,741,96,229,.419,16,48,.333,80,181,.442,.454,53,74,.716,26,84,110,162,33,2,65,73,261,0,,fraziti01
313,Tim Frazier,25,POR,PG,35,1,272,20,60,.333,3,17,.176,17,43,.395,.358,8,15,.533,11,28,39,42,10,1,27,31,51,0,,fraziti01
313,Tim Frazier,25,NOP,PG,16,1,469,76,169,.450,13,31,.419,63,138,.457,.488,45,59,.763,15,56,71,120,23,1,38,42,210,0,,fraziti01
314,Michael Beasley,27,HOU,PF,20,0,363,107,205,.522,3,9,.333,104,196,.531,.529,38,49,.776,29,69,98,16,11,9,24,39,255,0,,beaslmi01
315,Dewayne Dedmon,26,ORL,C,58,20,705,99,177,.559,0,0,,99,177,.559,.559,57,76,.750,67,161,228,13,22,46,32,109,255,0,,dedmode01
316,Steve Blake,35,DET,PG,58,2,986,93,240,.388,52,151,.344,41,89,.461,.496,16,20,.800,9,80,89,200,24,5,81,70,254,0,,blakest01
317,Solomon Hill,24,IND,SF,59,3,866,93,208,.447,24,74,.324,69,134,.515,.505,36,42,.857,39,127,166,57,37,11,33,68,246,0,,hillso01
318,Troy Daniels,24,CHO,SG,43,0,476,89,187,.476,59,122,.484,30,65,.462,.634,5,9,.556,7,50,57,21,11,3,24,40,242,0,,danietr01
319,Justin Holiday,26,2TM,SG,53,5,773,88,228,.386,36,105,.343,52,123,.423,.465,27,37,.730,12,78,90,56,32,19,39,61,239,0,,holidju01
319,Justin Holiday,26,ATL,SG,26,1,263,24,73,.329,10,45,.222,14,28,.500,.397,5,10,.500,4,23,27,11,13,4,13,21,63,0,,holidju01
319,Justin Holiday,26,CHI,SG,27,4,510,64,155,.413,26,60,.433,38,95,.400,.497,22,27,.815,8,55,63,45,19,15,26,40,176,0,,holidju01
320,Marcelo Huertas,32,LAL,PG,53,0,869,97,230,.422,16,61,.262,81,169,.479,.457,27,29,.931,18,72,90,182,26,7,80,76,237,0,,huertma01
321,Ian Clark,24,GSW,SG,66,1,578,89,202,.441,30,84,.357,59,118,.500,.515,28,34,.824,13,55,68,64,17,13,43,58,236,0,,clarkia01
322,Kelly Oubre Jr.,20,WAS,SF,63,9,671,90,211,.427,25,79,.316,65,132,.492,.486,31,49,.633,25,108,133,13,22,7,34,100,236,0,,oubreke01
323,Luc Mbah a Moute,29,LAC,PF,75,61,1274,94,207,.454,13,40,.325,81,167,.485,.486,30,57,.526,60,111,171,30,44,19,34,100,231,0,,mbahalu01
324,Kyle Singler,27,OKC,SF,68,2,977,86,221,.389,30,97,.309,56,124,.452,.457,29,44,.659,50,91,141,24,30,9,32,120,231,0,,singlky01
325,Donatas Motiejūnas,25,HOU,PF,37,22,547,90,205,.439,16,57,.281,74,148,.500,.478,34,53,.642,37,72,109,41,17,5,44,69,230,0,,motiedo01
326,Mike Dunleavy,35,CHI,SF,31,30,703,77,188,.410,39,99,.394,38,89,.427,.513,29,37,.784,8,75,83,39,14,10,26,66,222,0,,dunlemi02
327,Tayshaun Prince,35,MIN,SF,77,44,1462,102,229,.445,4,23,.174,98,206,.476,.454,13,19,.684,32,115,147,73,36,13,27,62,221,0,,princta01
328,Rashad Vaughn,19,MIL,SG,70,6,1001,81,266,.305,43,147,.293,38,119,.319,.385,12,15,.800,11,77,88,39,29,16,28,73,217,0,,vaughra01
329,Jeff Withey,25,UTA,C,51,10,658,87,162,.537,0,2,.000,87,160,.544,.537,43,59,.729,56,117,173,20,21,53,28,75,217,0,,witheje01
330,Justin Anderson,22,DAL,SF,55,9,647,71,175,.406,22,83,.265,49,92,.533,.469,44,55,.800,18,114,132,29,19,25,24,45,208,0,,anderju01
331,Tyler Ennis,21,MIL,PG,46,7,654,84,187,.449,13,39,.333,71,148,.480,.484,25,34,.735,13,62,75,95,25,1,46,64,206,0,,ennisty01
332,J.J. Hickson,27,2TM,C,35,9,436,80,155,.516,0,1,.000,80,154,.519,.516,46,103,.447,39,93,132,23,15,14,25,47,206,0,,hicksjj01
332,J.J. Hickson,27,DEN,C,20,9,305,55,109,.505,0,0,,55,109,.505,.505,27,59,.458,22,65,87,16,10,12,16,35,137,0,,hicksjj01
332,J.J. Hickson,27,WAS,C,15,0,131,25,46,.543,0,1,.000,25,45,.556,.543,19,44,.432,17,28,45,7,5,2,9,12,69,0,,hicksjj01
333,Chris Johnson,25,UTA,SF,70,2,857,72,194,.371,27,99,.273,45,95,.474,.441,34,42,.810,27,105,132,45,32,20,40,100,205,0,,johnsch04
334,Beno Udrih,33,2TM,PG,44,5,707,86,198,.434,15,44,.341,71,154,.461,.472,18,20,.900,8,64,72,116,14,1,53,51,205,0,,udrihbe01
334,Beno Udrih,33,MEM,PG,8,0,120,20,46,.435,4,11,.364,16,35,.457,.478,3,3,1.000,2,7,9,26,3,1,11,11,47,0,,udrihbe01
334,Beno Udrih,33,MIA,PG,36,5,587,66,152,.434,11,33,.333,55,119,.462,.470,15,17,.882,6,57,63,90,11,0,42,40,158,0,,udrihbe01
335,Brian Roberts,30,2TM,PG,51,0,470,74,165,.448,15,42,.357,59,123,.480,.494,42,47,.894,6,35,41,54,10,2,23,35,205,0,,roberbr01
335,Brian Roberts,30,CHO,PG,30,0,333,51,115,.443,9,27,.333,42,88,.477,.483,34,37,.919,4,25,29,38,7,1,16,23,145,0,,roberbr01
335,Brian Roberts,30,POR,PG,21,0,137,23,50,.460,6,15,.400,17,35,.486,.520,8,10,.800,2,10,12,16,3,1,7,12,60,0,,roberbr01
336,Shabazz Napier,24,ORL,PG,55,0,600,68,201,.338,34,104,.327,34,97,.351,.423,33,45,.733,9,46,55,97,23,1,46,38,203,0,,napiesh01
337,Tiago Splitter,31,ATL,C,36,2,579,81,155,.523,0,2,.000,81,153,.529,.523,39,48,.813,45,75,120,30,20,12,24,71,201,0,,splitti01
338,Johnny O'Bryant,22,MIL,PF,66,4,857,86,209,.411,1,1,1.000,85,208,.409,.414,27,40,.675,65,111,176,32,18,8,31,100,200,0,,obryajo01
339,Mike Muscala,24,ATL,C,60,0,565,76,152,.500,12,39,.308,64,113,.566,.539,31,39,.795,38,79,117,34,13,27,27,72,195,0,,muscami01
340,Kevin Séraphin,26,NYK,C,48,0,526,84,205,.410,0,2,.000,84,203,.414,.410,19,23,.826,31,95,126,47,8,36,43,67,187,0,,serapke01
341,Willie Reed,25,BRK,C,39,2,426,76,133,.571,0,0,,76,133,.571,.571,30,55,.545,49,73,122,10,6,30,16,47,182,0,,reedwi02
342,James Anderson,26,SAC,SG,51,15,721,67,178,.376,23,86,.267,44,92,.478,.441,22,29,.759,13,73,86,41,21,14,42,54,179,0,,anderja01
343,James Jones,35,CLE,SF,48,0,463,58,142,.408,41,104,.394,17,38,.447,.553,21,26,.808,8,42,50,14,11,10,13,50,178,0,,jonesja02
344,John Jenkins,24,2TM,SG,43,3,480,71,160,.444,16,51,.314,55,109,.505,.494,20,24,.833,8,49,57,35,8,1,27,22,178,0,,jenkijo01
344,John Jenkins,24,DAL,SG,21,1,193,29,70,.414,3,19,.158,26,51,.510,.436,8,9,.889,4,18,22,9,3,0,11,11,69,0,,jenkijo01
344,John Jenkins,24,PHO,SG,22,2,287,42,90,.467,13,32,.406,29,58,.500,.539,12,15,.800,4,31,35,26,5,1,16,11,109,0,,jenkijo01
345,Metta World Peace,36,LAL,SF,35,5,590,55,177,.311,26,84,.310,29,93,.312,.384,40,57,.702,19,70,89,27,22,11,15,67,176,0,,artesro01
346,JaVale McGee,28,DAL,C,34,2,370,77,134,.575,0,1,.000,77,133,.579,.575,18,36,.500,53,80,133,3,5,26,21,49,172,0,,mcgeeja01
347,Glenn Robinson III,22,IND,SF,45,4,508,65,151,.430,14,37,.378,51,114,.447,.477,27,39,.692,12,56,68,26,17,9,18,21,171,0,,robingl02
348,Rondae Hollis-Jefferson,21,BRK,SF,29,17,615,63,138,.457,4,14,.286,59,124,.476,.471,37,52,.712,39,115,154,43,39,16,26,61,167,0,,holliro01
349,James Ennis III,25,3TM,SF,22,5,329,54,113,.478,26,58,.448,28,55,.509,.593,25,34,.735,21,21,42,21,16,5,19,28,159,0,,ennisja01
349,James Ennis III,25,MIA,SF,3,0,7,0,0,,0,0,,0,0,,,0,0,,0,0,0,1,0,0,0,1,0,0,,ennisja01
349,James Ennis III,25,MEM,SF,10,0,40,4,13,.308,2,8,.250,2,5,.400,.385,6,10,.600,4,3,7,2,4,2,2,1,16,0,,ennisja01
349,James Ennis III,25,NOP,SF,9,5,282,50,100,.500,24,50,.480,26,50,.520,.620,19,24,.792,17,18,35,18,12,3,17,26,143,0,,ennisja01
350,Tyus Jones,19,MIN,PG,37,0,573,56,156,.359,16,53,.302,40,103,.388,.410,28,39,.718,7,40,47,108,31,3,33,33,156,0,,jonesty01
351,Joe Young,23,IND,PG,41,0,384,62,169,.367,10,46,.217,52,123,.423,.396,20,25,.800,6,44,50,65,15,0,33,30,154,0,,youngjo01
352,Jarell Martin,21,MEM,PF,27,0,380,54,116,.466,0,2,.000,54,114,.474,.466,45,62,.726,39,47,86,15,8,7,19,58,153,0,,martija01
353,Darrun Hilliard,22,DET,SG,38,2,383,52,131,.397,19,50,.380,33,81,.407,.469,29,40,.725,5,40,45,27,9,1,19,28,152,0,,hillida01
354,Ryan Kelly,24,LAL,PF,36,0,470,55,149,.369,5,37,.135,50,112,.446,.386,37,54,.685,21,100,121,20,13,10,18,39,152,0,,kellyry01
355,Josh McRoberts,28,MIA,PF,42,1,595,55,148,.372,12,49,.245,43,99,.434,.412,28,40,.700,22,83,105,81,18,7,30,68,150,0,,mcrobjo01
356,Jason Thompson,29,2TM,C,47,7,471,52,108,.481,5,15,.333,47,93,.505,.505,38,54,.704,32,102,134,29,12,20,15,80,147,0,,thompja02
356,Jason Thompson,29,GSW,C,28,1,179,20,42,.476,0,0,,20,42,.476,.476,20,32,.625,10,44,54,19,4,8,7,40,60,0,,thompja02
356,Jason Thompson,29,TOR,C,19,6,292,32,66,.485,5,15,.333,27,51,.529,.523,18,22,.818,22,58,80,10,8,12,8,40,87,0,,thompja02
357,Pablo Prigioni,38,LAC,PG,59,3,823,55,147,.374,28,95,.295,27,52,.519,.469,7,8,.875,38,76,114,130,53,1,49,82,145,0,,prigipa01
358,Andre Miller,39,2TM,PG,39,4,461,59,106,.557,2,8,.250,57,98,.582,.566,24,32,.750,12,39,51,87,16,0,37,46,144,0,,millean02
358,Andre Miller,39,MIN,PG,26,0,280,36,58,.621,1,4,.250,35,54,.648,.629,15,19,.789,6,18,24,58,9,0,25,32,88,0,,millean02
358,Andre Miller,39,SAS,PG,13,4,181,23,48,.479,1,4,.250,22,44,.500,.490,9,13,.692,6,21,27,29,7,0,12,14,56,0,,millean02
359,C.J. Watson,31,ORL,PG,33,2,656,47,137,.343,14,48,.292,33,89,.371,.394,34,39,.872,10,56,66,88,19,5,25,49,142,0,,watsocj01
360,Montrezl Harrell,22,HOU,PF,39,1,379,58,90,.644,0,1,.000,58,89,.652,.644,24,46,.522,25,40,65,17,11,11,17,48,140,0,,harremo01
361,Anderson Varejão,33,2TM,C,53,0,496,53,124,.427,0,1,.000,53,123,.431,.427,32,50,.640,37,104,141,35,16,10,22,70,138,0,,varejan01
361,Anderson Varejão,33,CLE,C,31,0,310,32,76,.421,0,1,.000,32,75,.427,.421,16,21,.762,24,67,91,20,11,5,16,35,80,0,,varejan01
361,Anderson Varejão,33,GSW,C,22,0,186,21,48,.438,0,0,,21,48,.438,.438,16,29,.552,13,37,50,15,5,5,6,35,58,0,,varejan01
362,Kirk Hinrich,35,2TM,PG,46,7,631,49,129,.380,24,62,.387,25,67,.373,.473,15,16,.938,8,62,70,73,15,2,30,64,137,0,,hinriki01
362,Kirk Hinrich,35,CHI,PG,35,7,555,47,118,.398,23,56,.411,24,62,.387,.496,15,16,.938,7,51,58,59,13,1,27,63,132,0,,hinriki01
362,Kirk Hinrich,35,ATL,PG,11,0,76,2,11,.182,1,6,.167,1,5,.200,.227,0,0,,1,11,12,14,2,1,3,1,5,0,,hinriki01
363,Ray McCallum,24,2TM,PG,41,6,475,55,146,.377,15,42,.357,40,104,.385,.428,12,15,.800,8,39,47,60,12,7,24,29,137,0,,mccalra01
363,Ray McCallum,24,SAS,PG,31,3,256,27,67,.403,5,16,.313,22,51,.431,.440,9,10,.900,6,25,31,33,5,4,11,14,68,0,,mccalra01
363,Ray McCallum,24,MEM,PG,10,3,219,28,79,.354,10,26,.385,18,53,.340,.418,3,5,.600,2,14,16,27,7,3,13,15,69,0,,mccalra01
364,Tarik Black,24,LAL,C,39,0,496,57,104,.548,0,0,,57,104,.548,.548,19,45,.422,44,113,157,16,14,18,22,78,133,0,,blackta01
365,Adreian Payne,24,MIN,PF,52,2,486,53,145,.366,9,32,.281,44,113,.389,.397,17,26,.654,20,91,111,29,16,11,36,77,132,0,,paynead01
366,Greivis Vásquez,29,MIL,PG,23,0,460,45,138,.326,18,73,.247,27,65,.415,.391,22,26,.846,5,42,47,91,10,0,40,42,130,0,,vasqugr01
367,Jordan Hamilton,25,NOP,SF,11,4,304,49,116,.422,13,45,.289,36,71,.507,.478,14,21,.667,12,50,62,25,8,3,17,24,125,0,,hamiljo02
368,Salah Mejri,29,DAL,C,34,6,397,49,78,.628,0,1,.000,49,77,.636,.628,27,46,.587,41,82,123,10,8,36,23,54,125,0,,mejrisa01
369,Rasual Butler,36,SAS,SF,46,0,432,49,104,.471,15,49,.306,34,55,.618,.543,11,16,.688,3,53,56,24,13,23,8,11,124,0,,butlera01
370,Joakim Noah,30,CHI,C,29,2,635,51,133,.383,0,1,.000,51,132,.386,.383,22,45,.489,87,168,255,110,18,29,52,77,124,0,,noahjo01
371,Ryan Hollins,31,2TM,C,37,12,460,49,79,.620,0,0,,49,79,.620,.620,26,42,.619,47,51,98,10,6,21,24,62,124,0,,holliry01
371,Ryan Hollins,31,WAS,C,5,3,48,4,7,.571,0,0,,4,7,.571,.571,0,0,,7,4,11,0,0,1,3,4,8,0,,holliry01
371,Ryan Hollins,31,MEM,C,32,9,412,45,72,.625,0,0,,45,72,.625,.625,26,42,.619,40,47,87,10,6,20,21,58,116,0,,holliry01
372,Nick Collison,35,OKC,PF,59,4,699,50,109,.459,0,2,.000,50,107,.467,.459,23,33,.697,68,103,171,52,15,16,50,107,123,0,,collini01
373,Reggie Bullock,24,DET,SF,37,0,429,43,98,.439,22,53,.415,21,45,.467,.551,14,15,.933,14,54,68,27,10,2,8,29,122,0,,bullore01
374,Kevin Garnett,39,MIN,PF,38,38,556,54,115,.470,0,1,.000,54,114,.474,.470,14,21,.667,15,135,150,62,28,10,16,70,122,0,,garneke01
375,Jared Cunningham,24,2TM,SG,44,3,410,36,105,.343,12,39,.308,24,66,.364,.400,36,55,.655,3,35,38,20,14,2,21,41,120,0,,cunnija01
375,Jared Cunningham,24,CLE,SG,40,3,355,32,91,.352,10,32,.313,22,59,.373,.407,30,48,.625,3,26,29,19,12,2,18,37,104,0,,cunnija01
375,Jared Cunningham,24,MIL,SG,4,0,55,4,14,.286,2,7,.286,2,7,.286,.357,6,7,.857,0,9,9,1,2,0,3,4,16,0,,cunnija01
376,James Michael McAdoo,23,GSW,PF,41,1,262,45,84,.536,1,2,.500,44,82,.537,.542,26,49,.531,30,28,58,17,10,8,16,39,117,0,,mcadoja01
377,Anthony Brown,23,LAL,SF,29,11,599,39,126,.310,20,70,.286,19,56,.339,.389,17,20,.850,9,61,70,19,14,5,15,34,115,0,,brownan02
378,Chris McCullough,20,BRK,PF,24,4,362,44,109,.404,13,34,.382,31,75,.413,.463,11,23,.478,25,43,68,9,28,12,15,39,112,0,,mcculch01
379,Kendall Marshall,24,PHI,PG,30,6,400,43,118,.364,16,49,.327,27,69,.391,.432,9,13,.692,2,26,28,73,16,2,43,30,111,0,,marshke01
380,Jordan Farmar,29,MEM,PG,12,10,291,42,100,.420,16,45,.356,26,55,.473,.500,10,10,1.000,4,21,25,37,15,2,18,22,110,0,,farmajo01
381,Sonny Weems,29,2TM,SF,43,0,499,42,110,.382,15,41,.366,27,69,.391,.450,8,15,.533,7,46,53,49,10,1,41,47,107,0,,weemsso01
381,Sonny Weems,29,PHO,SG,36,0,421,35,89,.393,13,32,.406,22,57,.386,.466,7,13,.538,6,35,41,47,10,1,37,40,90,0,,weemsso01
381,Sonny Weems,29,PHI,SF,7,0,78,7,21,.333,2,9,.222,5,12,.417,.381,1,2,.500,1,11,12,2,0,0,4,7,17,0,,weemsso01
382,Cristiano Felício,23,CHI,C,31,4,321,40,72,.556,0,4,.000,40,68,.588,.556,25,35,.714,30,72,102,26,6,13,13,31,105,0,,feliccr01
383,Chris Andersen,37,2TM,C,27,15,402,38,72,.528,4,14,.286,34,58,.586,.556,25,36,.694,36,62,98,12,15,13,9,29,105,0,,anderch01
383,Chris Andersen,37,MIA,C,7,1,36,4,10,.400,2,5,.400,2,5,.400,.500,3,4,.750,3,6,9,3,1,3,2,4,13,0,,anderch01
383,Chris Andersen,37,MEM,C,20,14,366,34,62,.548,2,9,.222,32,53,.604,.565,22,32,.688,33,56,89,9,14,10,7,25,92,0,,anderch01
384,Tyler Hansbrough,30,CHO,PF,44,0,343,32,71,.451,2,3,.667,30,68,.441,.465,38,65,.585,40,49,89,8,12,7,12,55,104,0,,hansbty01
385,Delon Wright,23,TOR,PG,27,1,229,36,80,.450,5,13,.385,31,67,.463,.481,26,35,.743,8,29,37,31,8,3,16,7,103,0,,wrighde01
386,Jordan McRae,24,2TM,PG,22,1,195,34,78,.436,10,22,.455,24,56,.429,.500,21,28,.750,4,16,20,25,3,1,15,17,99,0,,mcraejo01
386,Jordan McRae,24,PHO,PG,7,0,82,11,26,.423,3,11,.273,8,15,.533,.481,12,15,.800,2,6,8,10,3,0,6,7,37,0,,mcraejo01
386,Jordan McRae,24,CLE,PG,15,1,113,23,52,.442,7,11,.636,16,41,.390,.510,9,13,.692,2,10,12,15,0,1,9,10,62,0,,mcraejo01
387,R.J. Hunter,22,BOS,SG,36,0,315,36,98,.367,19,63,.302,17,35,.486,.464,6,7,.857,2,35,37,13,14,4,11,29,97,0,,hunterj01
388,Sergey Karasev,22,BRK,SF,40,5,399,30,74,.405,11,37,.297,19,37,.514,.480,26,28,.929,8,50,58,35,6,2,22,27,97,0,,karasse01
389,Kendrick Perkins,31,NOP,C,37,5,542,40,75,.533,0,0,,40,75,.533,.533,11,25,.440,25,103,128,31,11,11,41,64,91,0,,perkike01
390,Henry Sims,25,BRK,C,14,4,263,33,77,.429,0,0,,33,77,.429,.429,25,30,.833,21,51,72,9,9,14,12,37,91,0,,simshe01
391,Michael Kidd-Gilchrist,22,CHO,SF,7,7,205,33,61,.541,3,7,.429,30,54,.556,.566,20,29,.690,12,33,45,9,3,3,8,9,89,0,,kiddgmi01
392,K.J. McDaniels,22,HOU,SF,37,1,235,29,72,.403,7,25,.280,22,47,.468,.451,24,30,.800,16,26,42,10,7,6,17,30,89,0,,mcdankj01
393,Robert Sacre,26,LAL,C,25,1,320,31,75,.413,0,0,,31,75,.413,.413,25,38,.658,32,40,72,14,4,10,12,43,87,0,,sacrero01
394,Lamar Patterson,24,ATL,SG,35,0,395,28,80,.350,12,49,.245,16,31,.516,.425,16,22,.727,4,46,50,39,9,2,23,45,84,0,,pattela01
395,Brandan Wright,28,MEM,PF,12,2,212,35,52,.673,0,0,,35,52,.673,.673,13,24,.542,14,29,43,6,5,15,10,21,83,0,,wrighbr03
396,Drew Gooden,34,WAS,PF,30,0,305,33,103,.320,7,41,.171,26,62,.419,.354,9,14,.643,28,57,85,13,8,11,13,40,82,0,,goodedr01
397,Xavier Munford,23,MEM,SG,14,0,244,32,77,.416,9,23,.391,23,54,.426,.474,7,14,.500,3,28,31,22,13,3,15,25,80,0,,munfoxa02
398,Bryce Dejean-Jones,23,NOP,SG,14,11,279,28,69,.406,12,32,.375,16,37,.432,.493,11,21,.524,8,40,48,15,10,2,11,17,79,0,,dejeabr01
399,Phil Pressey,24,2TM,PG,23,0,283,30,78,.385,4,18,.222,26,60,.433,.410,13,25,.520,3,28,31,75,18,4,33,28,77,0,,pressph01
399,Phil Pressey,24,PHI,PG,14,0,170,21,55,.382,4,13,.308,17,42,.405,.418,9,18,.500,0,23,23,46,11,1,19,14,55,0,,pressph01
399,Phil Pressey,24,PHO,PG,9,0,113,9,23,.391,0,5,.000,9,18,.500,.391,4,7,.571,3,5,8,29,7,3,14,14,22,0,,pressph01
400,Matt Bonner,35,SAS,C,30,2,206,29,57,.509,15,34,.441,14,23,.609,.640,3,4,.750,3,24,27,9,6,1,3,16,76,0,,bonnema01
401,Axel Toupane,23,DEN,SF,21,0,305,25,70,.357,13,40,.325,12,30,.400,.450,13,17,.765,8,23,31,15,7,6,6,40,76,0,,toupaax01
402,Damjan Rudež,29,MIN,SF,33,0,277,25,62,.403,17,50,.340,8,12,.667,.540,8,8,1.000,5,15,20,11,3,1,13,33,75,0,,rudezda01
403,Terry Rozier,21,BOS,PG,39,0,311,29,106,.274,6,27,.222,23,79,.291,.302,8,10,.800,24,39,63,37,6,1,19,23,72,0,,roziete01
404,Jeremy Evans,28,DAL,SF,30,2,251,26,48,.542,4,16,.250,22,32,.688,.583,15,21,.714,11,43,54,2,6,9,7,19,71,0,,evansje01
405,Elton Brand,36,PHI,C,17,1,225,31,72,.431,0,1,.000,31,71,.437,.431,8,9,.889,9,54,63,18,9,8,11,32,70,0,,brandel01
406,C.J. Wilcox,25,LAC,SG,23,0,167,26,66,.394,9,23,.391,17,43,.395,.462,9,12,.750,1,11,12,10,10,2,2,15,70,0,,wilcocj01
407,Kostas Papanikolaou,25,DEN,SF,26,6,294,24,66,.364,10,32,.313,14,34,.412,.439,9,14,.643,8,32,40,16,13,5,21,24,67,0,,papanko01
408,Tony Wroten,22,PHI,PG,8,3,144,22,65,.338,3,17,.176,19,48,.396,.362,20,37,.541,2,19,21,20,3,0,29,11,67,0,,wroteto01
409,Alan Anderson,33,WAS,SG,13,0,192,21,59,.356,12,37,.324,9,22,.409,.458,11,15,.733,1,26,27,14,4,1,2,25,65,0,,anderal01
410,Lucas Nogueira,23,TOR,C,29,1,225,28,44,.636,1,3,.333,27,41,.659,.648,8,15,.533,18,28,46,7,12,12,11,29,65,0,,noguelu01
411,Caron Butler,35,SAC,SF,17,1,176,25,59,.424,3,18,.167,22,41,.537,.449,10,12,.833,5,17,22,10,9,1,3,19,63,0,,butleca01
412,Jarell Eddie,24,WAS,SF,26,0,147,20,65,.308,15,47,.319,5,18,.278,.423,8,8,1.000,2,21,23,5,5,1,1,5,63,0,,eddieja01
413,Mike Miller,35,DEN,SF,47,2,373,22,62,.355,19,52,.365,3,10,.300,.508,0,0,,6,47,53,40,13,4,17,53,63,0,,millemi01
414,DeJuan Blair,26,WAS,C,29,0,218,28,68,.412,0,1,.000,28,67,.418,.412,5,13,.385,20,37,57,11,8,2,15,53,61,0,,blairde01
415,Christian Wood,20,PHI,PF,17,0,145,22,53,.415,4,11,.364,18,42,.429,.453,13,21,.619,13,25,38,3,5,7,2,11,61,0,,woodch01
416,Devyn Marble,23,ORL,SG,28,0,249,21,71,.296,8,32,.250,13,39,.333,.352,10,24,.417,6,32,38,12,13,1,7,25,60,0,,marblde01
417,Udonis Haslem,35,MIA,PF,37,0,260,23,61,.377,1,9,.111,22,52,.423,.385,12,16,.750,10,65,75,14,5,2,5,25,59,0,,hasleud01
418,Spencer Dinwiddie,22,DET,PG,12,0,159,19,54,.352,1,10,.100,18,44,.409,.361,19,33,.576,4,13,17,22,3,0,7,20,58,0,,dinwisp01
419,Nikola Peković,30,MIN,C,12,3,156,19,50,.380,0,0,,19,50,.380,.380,16,20,.800,7,14,21,11,1,0,9,22,54,0,,pekovni01
420,Lou Amundson,33,NYK,PF,29,0,204,19,53,.358,0,0,,19,53,.358,.358,14,27,.519,23,26,49,12,6,7,15,44,52,0,,amundlo01
421,Chris Copeland,31,MIL,PF,24,1,156,17,51,.333,10,36,.278,7,15,.467,.431,6,7,.857,1,9,10,11,2,0,6,17,50,0,,copelch01
422,Chris Kaman,33,POR,C,16,2,112,20,43,.465,1,4,.250,19,39,.487,.477,3,3,1.000,7,17,24,11,1,1,8,15,44,0,,kamanch01
423,Greg Smith,25,MIN,PF,18,0,192,18,32,.563,0,0,,18,32,.563,.563,7,17,.412,12,30,42,6,4,1,7,28,43,0,,smithgr02
424,Pat Connaughton,23,POR,SG,34,0,143,13,49,.265,5,21,.238,8,28,.286,.316,5,5,1.000,11,21,32,10,2,0,10,6,36,0,,connapa01
425,Damien Inglis,20,MIL,SF,20,1,156,13,37,.351,3,13,.231,10,24,.417,.392,7,8,.875,2,29,31,10,6,3,11,11,36,0,,inglida01
426,Elijah Millsap,28,UTA,SG,20,0,173,11,39,.282,1,12,.083,10,27,.370,.295,13,18,.722,6,29,35,19,7,3,9,33,36,0,,millsel01
427,Cameron Bairstow,25,CHI,C,18,2,103,13,40,.325,1,5,.200,12,35,.343,.338,7,8,.875,4,24,28,6,2,3,4,19,34,0,,bairsca01
428,Cleanthony Early,24,NYK,SF,17,2,154,12,40,.300,4,15,.267,8,25,.320,.350,3,4,.750,4,22,26,6,2,3,9,16,31,0,,earlycl01
429,Briante Weber,23,2TM,PG,7,4,169,14,39,.359,0,5,.000,14,34,.412,.359,3,4,.750,8,17,25,21,9,3,9,12,31,0,,weberbr01
429,Briante Weber,23,MEM,PG,6,4,166,13,38,.342,0,5,.000,13,33,.394,.342,3,4,.750,8,16,24,20,9,3,9,11,29,0,,weberbr01
429,Briante Weber,23,MIA,PG,1,0,3,1,1,1.000,0,0,,1,1,1.000,1.000,0,0,,0,1,1,1,0,0,0,1,2,0,,weberbr01
430,Jeff Ayres,28,LAC,C,17,0,107,12,23,.522,0,1,.000,12,22,.545,.522,6,6,1.000,4,18,22,5,0,3,6,18,30,0,,pendeje02
431,Alan Williams,23,PHO,PF,10,0,68,10,24,.417,0,0,,10,24,.417,.417,9,14,.643,14,24,38,5,4,5,6,15,29,0,,willial03
432,James Young,20,BOS,SG,29,0,199,11,36,.306,6,26,.231,5,10,.500,.389,1,4,.250,4,22,26,9,6,1,5,17,29,0,,youngja01
433,Anthony Bennett,22,TOR,PF,19,0,84,8,27,.296,3,14,.214,5,13,.385,.352,9,10,.900,6,17,23,0,5,0,4,8,28,0,,bennean01
434,Mitch McGary,23,OKC,PF,20,0,72,11,23,.478,0,4,.000,11,19,.579,.478,4,10,.400,4,14,18,3,1,2,7,10,26,0,,mcgarmi01
435,Orlando Johnson,26,2TM,SG,7,1,101,9,34,.265,2,10,.200,7,24,.292,.294,6,8,.750,4,11,15,2,3,3,4,9,26,0,,johnsor01
435,Orlando Johnson,26,PHO,SG,2,0,47,5,17,.294,1,5,.200,4,12,.333,.324,5,6,.833,3,6,9,0,2,3,1,5,16,0,,johnsor01
435,Orlando Johnson,26,NOP,SG,5,1,54,4,17,.235,1,5,.200,3,12,.250,.265,1,2,.500,1,5,6,2,1,0,3,4,10,0,,johnsor01
436,Edy Tavares,23,ATL,C,11,0,73,11,19,.579,0,0,,11,19,.579,.579,3,8,.375,7,14,21,3,1,6,5,8,25,0,,tavarwa01
437,Tibor Pleiß,26,UTA,C,12,0,82,11,25,.440,0,2,.000,11,23,.478,.440,2,2,1.000,6,9,15,2,1,2,8,19,24,0,,pleisti01
438,Steve Novak,32,2TM,PF,10,0,44,8,18,.444,7,15,.467,1,3,.333,.639,1,1,1.000,0,5,5,0,0,0,1,3,24,0,,novakst01
438,Steve Novak,32,OKC,PF,7,0,24,6,12,.500,5,9,.556,1,3,.333,.708,0,0,,0,4,4,0,0,0,1,1,17,0,,novakst01
438,Steve Novak,32,MIL,PF,3,0,20,2,6,.333,2,6,.333,0,0,,.500,1,1,1.000,0,1,1,0,0,0,0,2,7,0,,novakst01
439,Sasha Kaun,30,CLE,C,25,0,95,9,17,.529,0,0,,9,17,.529,.529,5,11,.455,12,14,26,3,4,5,7,11,23,0,,kaunsa01
440,Russ Smith,24,MEM,PG,15,0,66,7,22,.318,1,5,.200,6,17,.353,.341,8,13,.615,1,8,9,11,5,1,7,5,23,0,,smithru01
441,Andrew Goudelock,27,HOU,PG,8,0,50,9,20,.450,1,9,.111,8,11,.727,.475,3,4,.750,1,1,2,4,6,2,7,4,22,0,,goudean01
442,Jorge Gutiérrez,27,CHO,PG,12,0,63,6,11,.545,0,2,.000,6,9,.667,.545,10,11,.909,0,7,7,17,3,0,6,3,22,0,,gutiejo01
443,Cory Jefferson,25,PHO,PF,8,0,50,9,22,.409,0,1,.000,9,21,.429,.409,4,6,.667,6,10,16,0,0,1,0,8,22,0,,jeffeco01
444,Jodie Meeks,28,DET,SG,3,0,43,7,20,.350,4,9,.444,3,11,.273,.450,4,4,1.000,1,4,5,3,0,0,1,2,22,0,,meeksjo01
445,Alex Stepheson,28,2TM,PF,8,0,73,9,27,.333,0,0,,9,27,.333,.333,4,12,.333,19,9,28,2,1,5,0,12,22,0,,stephal01
445,Alex Stepheson,28,LAC,PF,4,0,12,1,1,1.000,0,0,,1,1,1.000,1.000,0,2,.000,1,1,2,0,0,2,0,4,2,0,,stephal01
445,Alex Stepheson,28,MEM,PF,4,0,61,8,26,.308,0,0,,8,26,.308,.308,4,10,.400,18,8,26,2,1,3,0,8,20,0,,stephal01
446,Jordan Mickey,21,BOS,PF,16,0,57,8,22,.364,0,0,,8,22,.364,.364,5,10,.500,6,7,13,1,0,11,1,5,21,0,,mickejo01
447,Lorenzo Brown,25,PHO,PG,8,0,61,8,25,.320,1,8,.125,7,17,.412,.340,3,4,.750,0,7,7,11,3,1,9,4,20,0,,brownlo01
448,Joel Anthony,33,DET,C,19,0,96,6,10,.600,0,0,,6,10,.600,.600,6,8,.750,8,13,21,1,2,12,2,15,18,0,,anthojo01
449,Aaron Harrison,21,CHO,SG,21,0,93,5,19,.263,3,10,.300,2,9,.222,.342,5,12,.417,4,11,15,2,6,0,4,10,18,0,,harriaa01
450,Josh Huestis,24,OKC,PF,5,0,55,5,12,.417,4,6,.667,1,6,.167,.583,0,4,.000,2,8,10,0,1,2,3,3,14,0,,huestjo01
451,Luis Montero,22,POR,SG,12,0,42,5,19,.263,1,9,.111,4,10,.400,.289,3,4,.750,0,4,4,1,0,0,4,1,14,0,,montelu01
452,Erick Green,24,2TM,PG,9,0,42,5,13,.385,1,5,.200,4,8,.500,.423,2,2,1.000,3,3,6,3,1,0,0,4,13,0,,greener01
452,Erick Green,24,DEN,PG,3,0,7,0,1,.000,0,1,.000,0,0,,.000,0,0,,0,1,1,1,0,0,0,0,0,0,,greener01
452,Erick Green,24,UTA,PG,6,0,35,5,12,.417,1,4,.250,4,8,.500,.458,2,2,1.000,3,2,5,2,1,0,0,4,13,0,,greener01
453,Justin Harper,26,DET,PF,5,0,35,4,10,.400,4,9,.444,0,1,.000,.600,1,2,.500,0,1,1,0,1,0,2,3,13,0,,harpeju01
454,Dahntay Jones,35,CLE,SF,1,0,42,6,14,.429,1,2,.500,5,12,.417,.464,0,0,,1,4,5,2,1,2,0,6,13,0,,jonesda02
455,Shayne Whittington,24,IND,PF,7,0,41,5,11,.455,0,2,.000,5,9,.556,.455,1,2,.500,5,7,12,3,1,1,5,7,11,0,,whittsh01
456,Cliff Alexander,20,POR,PF,8,0,36,5,10,.500,0,0,,5,10,.500,.500,0,0,,2,4,6,0,1,2,1,1,10,0,,alexacl01
457,Kevon Looney,19,GSW,PF,5,0,21,4,7,.571,1,2,.500,3,5,.600,.643,0,0,,4,6,10,0,0,0,1,2,9,0,,looneke01
458,Jimmer Fredette,26,2TM,SG,6,0,18,2,5,.400,1,2,.500,1,3,.333,.500,4,5,.800,0,0,0,1,1,0,2,2,9,0,,fredeji01
458,Jimmer Fredette,26,NOP,SG,4,0,13,1,4,.250,0,1,.000,1,3,.333,.250,0,0,,0,0,0,1,1,0,1,1,2,0,,fredeji01
458,Jimmer Fredette,26,NYK,SG,2,0,5,1,1,1.000,1,1,1.000,0,0,,1.500,4,5,.800,0,0,0,0,0,0,1,1,7,0,,fredeji01
459,Nazr Mohammed,38,OKC,C,5,0,19,3,5,.600,0,0,,3,5,.600,.600,2,2,1.000,1,3,4,0,0,0,3,4,8,0,,mohamna01
460,Eric Moreland,24,SAC,PF,8,0,48,3,6,.500,0,0,,3,6,.500,.500,2,4,.500,3,8,11,1,0,4,3,4,8,0,,moreler01
461,Elliot Williams,26,MEM,PG,5,0,45,2,10,.200,1,4,.250,1,6,.167,.250,3,4,.750,1,3,4,4,0,0,1,2,8,0,,williel01
462,Bryce Cotton,23,2TM,PG,8,0,39,4,10,.400,0,3,.000,4,7,.571,.400,0,0,,0,0,0,3,3,0,5,2,8,0,,cottobr01
462,Bryce Cotton,23,PHO,PG,3,0,33,2,8,.250,0,3,.000,2,5,.400,.250,0,0,,0,0,0,3,3,0,5,2,4,0,,cottobr01
462,Bryce Cotton,23,MEM,PG,5,0,6,2,2,1.000,0,0,,2,2,1.000,1.000,0,0,,0,0,0,0,0,0,0,0,4,0,,cottobr01
463,Jordan Adams,21,MEM,SG,2,0,15,2,6,.333,0,1,.000,2,5,.400,.333,3,5,.600,0,2,2,3,3,0,2,2,7,0,,adamsjo01
464,Jarnell Stokes,22,2TM,C,7,0,18,3,5,.600,0,0,,3,5,.600,.600,1,2,.500,1,3,4,1,1,0,0,1,7,0,,stokeja01
464,Jarnell Stokes,22,MEM,C,2,0,4,0,0,,0,0,,0,0,,,0,0,,1,1,2,0,0,0,0,0,0,0,,stokeja01
464,Jarnell Stokes,22,MIA,C,5,0,14,3,5,.600,0,0,,3,5,.600,.600,1,2,.500,0,2,2,1,1,0,0,1,7,0,,stokeja01
465,Thanasis Antetokounmpo,23,NYK,SF,2,0,6,3,4,.750,0,1,.000,3,3,1.000,.750,0,0,,0,1,1,0,0,0,0,2,6,0,,antetth01
466,Keith Appling,23,ORL,PG,5,0,27,2,8,.250,0,3,.000,2,5,.400,.250,2,2,1.000,0,1,1,1,1,0,3,5,6,0,,applike01
467,Coty Clarke,23,BOS,SF,3,0,6,2,4,.500,2,2,1.000,0,2,.000,.750,0,0,,0,1,1,0,0,0,1,0,6,0,,clarkco01
468,Duje Dukan,24,SAC,SF,1,0,24,2,10,.200,2,5,.400,0,5,.000,.300,0,0,,2,2,4,1,1,0,0,2,6,0,,dukandu01
469,Branden Dawson,22,LAC,PF,6,0,29,2,5,.400,0,0,,2,5,.400,.400,1,1,1.000,2,2,4,0,0,1,0,2,5,0,,dawsobr01
470,Rakeem Christmas,24,IND,PF,1,0,6,2,2,1.000,0,0,,2,2,1.000,1.000,0,0,,1,0,1,0,0,0,0,1,4,0,,chrisra01
471,Chuck Hayes,32,HOU,C,2,0,24,1,2,.500,0,0,,1,2,.500,.500,2,2,1.000,0,8,8,2,0,0,3,6,4,0,,hayesch01
472,Bruno Caboclo,20,TOR,SF,6,1,43,1,12,.083,1,7,.143,0,5,.000,.125,0,0,,1,1,2,1,2,1,4,2,3,0,,cabocbr01
473,Joe Harris,24,CLE,SG,5,0,15,1,4,.250,1,4,.250,0,0,,.375,0,0,,0,3,3,2,0,0,1,1,3,0,,harrijo01
474,Sam Dekker,21,HOU,PF,3,0,6,0,0,,0,0,,0,0,,,0,0,,0,1,1,0,1,0,0,0,0,0,,dekkesa01
475,J.J. O'Brien,23,UTA,SF,2,0,6,0,1,.000,0,0,,0,1,.000,.000,0,0,,0,1,1,0,1,0,0,1,0,0,,obriejj01
476,Nate Robinson,31,NOP,PG,2,1,23,0,1,.000,0,1,.000,0,0,,.000,0,0,,0,0,0,4,1,0,0,5,0,0,,robinna01